time,species,weight,N
0,Sprat,0.001,18433027586677.168
1,Sprat,0.001,18376506055583.477
0,Sandeel,0.001,6859125627860.576
1,Sandeel,0.001,6847237556238.404
0,N.pout,0.001,144080135567361.53
1,N.pout,0.001,142569569173911.03
0,Herring,0.001,14504591859459.246
1,Herring,0.001,14522146828201.379
0,Dab,0.001,170537783900.79608
1,Dab,0.001,170166008253.86472
0,Whiting,0.001,9180478388461.555
1,Whiting,0.001,9183116920509.299
0,Sole,0.001,798357298777.183
1,Sole,0.001,796690069092.1138
0,Gurnard,0.001,17507889486419.94
1,Gurnard,0.001,19750814251024.08
0,Plaice,0.001,1035528537611377.9
1,Plaice,0.001,1322261633418567.8
0,Haddock,0.001,22045109402830.313
1,Haddock,0.001,22293295109322.887
0,Cod,0.001,64287353694.86079
1,Cod,0.001,64153110231.23193
0,Saithe,0.001,1089483871462.824
1,Saithe,0.001,1088695103131.4789
0,Sprat,0.00119,16138323246646.313
1,Sprat,0.00119,16072531879003.139
0,Sandeel,0.00119,6035507978277.216
1,Sandeel,0.00119,6025360156965.323
0,N.pout,0.00119,127278265574115.13
1,N.pout,0.00119,125926587416897.72
0,Herring,0.00119,12774474810716.982
1,Herring,0.00119,12776546523788.729
0,Dab,0.00119,150197669717.6001
1,Dab,0.00119,149729620317.42017
0,Whiting,0.00119,8093368214189.382
1,Whiting,0.00119,8090703560236.197
0,Sole,0.00119,704022492909.8408
1,Sole,0.00119,701938571784.6873
0,Gurnard,0.00119,15371784088095.166
1,Gurnard,0.00119,17326726433564.367
0,Plaice,0.00119,894284042707278.1
1,Plaice,0.00119,1138105514435754.3
0,Haddock,0.00119,19450982395644.11
1,Haddock,0.00119,19664934875674.89
0,Cod,0.00119,57096069234.62212
1,Cod,0.00119,56957591696.92805
0,Saithe,0.00119,972446643082.1488
1,Saithe,0.00119,971699479771.4159
0,Sprat,0.00142,14119288452141.43
1,Sprat,0.00142,14046830870171.666
0,Sandeel,0.00142,5314136141479.397
1,Sandeel,0.00142,5305365364736.275
0,N.pout,0.00142,112272245780352.02
1,N.pout,0.00142,111065285032371.14
0,Herring,0.00142,11241009401423.348
1,Herring,0.00142,11231429753521.104
0,Dab,0.00142,132183319280.55937
1,Dab,0.00142,131644440088.26523
0,Whiting,0.00142,7127040481366.779
1,Whiting,0.00142,7120187678988.185
0,Sole,0.00142,620467216837.0017
1,Sole,0.00142,618076258822.3365
0,Gurnard,0.00142,13478616648640.521
1,Gurnard,0.00142,15179715913626.682
0,Plaice,0.00142,770637161084249.1
1,Plaice,0.00142,977375040228909.25
0,Haddock,0.00142,17144029424803.746
1,Haddock,0.00142,17328136599186.018
0,Cod,0.00142,50689574902.86456
1,Cod,0.00142,50549076428.821915
0,Saithe,0.00142,867752080823.5978
1,Saithe,0.00142,867051317233.5361
0,Sprat,0.0017,12342290806025.94
1,Sprat,0.0017,12265590588142.238
0,Sandeel,0.0017,4681802925058.404
1,Sandeel,0.0017,4674131484212.098
0,N.pout,0.0017,98872071740970.47
1,N.pout,0.0017,97797051675494.375
0,Herring,0.0017,9882181364148.326
1,Herring,0.0017,9864063109023.082
0,Dab,0.0017,116230589441.13205
1,Dab,0.0017,115643752229.37256
0,Whiting,0.0017,6268147274591.8545
1,Whiting,0.0017,6258111138111.713
0,Sole,0.0017,546461946611.9559
1,Sole,0.0017,543862808033.65204
0,Gurnard,0.0017,11801164265753.621
1,Gurnard,0.0017,13278747616164.57
0,Plaice,0.0017,662511031837463.75
1,Plaice,0.0017,837286271663819.6
0,Haddock,0.0017,15092794254291.168
1,Haddock,0.0017,15250966818314.344
0,Cod,0.0017,44980976014.65762
1,Cod,0.0017,44840516347.72247
0,Saithe,0.0017,774070737647.0852
1,Saithe,0.0017,773420229677.0723
0,Sprat,0.00203,10777940894697.97
1,Sprat,0.00203,10699208793317.375
0,Sandeel,0.00203,4127019049061.309
1,Sandeel,0.00203,4120237681746.4365
0,N.pout,0.00203,86909483606617.81
1,N.pout,0.00203,85954801925470.23
0,Herring,0.00203,8678467503193.463
1,Herring,0.00203,8654336960564.257
0,Dab,0.00203,102105808273.71582
1,Dab,0.00203,101491309023.81332
0,Whiting,0.00203,5504887283026.9
1,Whiting,0.00203,5492563044441.322
0,Sole,0.00203,480919059627.8868
1,Sole,0.00203,478199718260.42926
0,Gurnard,0.00203,10315361796847.1
1,Gurnard,0.00203,11596360708184.803
0,Plaice,0.00203,568076373904281.5
1,Plaice,0.00203,715380091736463.1
0,Haddock,0.00203,13269368771194.52
1,Haddock,0.00203,13405082532615.975
0,Cod,0.00203,39893247426.63248
1,Cod,0.00203,39754710252.75137
0,Saithe,0.00203,690220955463.8494
1,Saithe,0.00203,689623583378.9663
0,Sprat,0.00242,9400691926254.826
1,Sprat,0.00242,9321893102190.994
0,Sandeel,0.00242,3639806903764.7085
1,Sandeel,0.00242,3633760214936.8
0,N.pout,0.00242,76235499024634
1,N.pout,0.00242,75390537113224.31
0,Herring,0.00242,7612575849570.858
1,Herring,0.00242,7584476545662.529
0,Dab,0.00242,89602649599.7861
1,Dab,0.00242,88978201286.2119
0,Whiting,0.00242,4826841571944.044
1,Whiting,0.00242,4813015080838.942
0,Sole,0.00242,422878544310.30225
1,Sole,0.00242,420115993224.7406
0,Gurnard,0.00242,8999967554747.07
1,Gurnard,0.00242,10108289451713.85
0,Plaice,0.00242,485725200947347.94
1,Plaice,0.00242,609488178920032.9
0,Haddock,0.00242,11649006785763.012
1,Haddock,0.00242,11765340309640.975
0,Cod,0.00242,35358200504.11913
1,Cod,0.00242,35223270338.582855
0,Saithe,0.00242,615152638687.809
1,Saithe,0.00242,614610276573.579
0,Sprat,0.00289,8188374682809.168
1,Sprat,0.00289,8111202694849.088
0,Sandeel,0.00289,3211512870213.8916
1,Sandeel,0.00289,3206087059159.385
0,N.pout,0.00289,66718139131997.375
1,N.pout,0.00289,65973101901374.71
0,Herring,0.00289,6669196070532.898
1,Herring,0.00289,6638770516256.014
0,Dab,0.00289,78539034164.98909
1,Dab,0.00289,77919778726.14491
0,Whiting,0.00289,4224812828945.0723
1,Whiting,0.00289,4210161348444.566
0,Sole,0.00289,371493662892.83563
1,Sole,0.00289,368753889777.40607
0,Gurnard,0.00289,7836237996120.074
1,Gurnard,0.00289,8793096437951.897
0,Plaice,0.00289,414043438822924.3
1,Plaice,0.00289,517698090098334.75
0,Haddock,0.00289,10209768884052.256
1,Haddock,0.00289,10309437521787.434
0,Cod,0.00289,31315503768.383884
1,Cod,0.00289,31185646093.689167
0,Saithe,0.00289,547932690741.89484
1,Saithe,0.00289,547446188072.1674
0,Sprat,0.00345,7121721153909.528
1,Sprat,0.00345,7047582702658.451
0,Sandeel,0.00345,2834638057535.882
1,Sandeel,0.00345,2829750744940.634
0,N.pout,0.00345,58240347221550.086
1,N.pout,0.00345,57586133751832.164
0,Herring,0.00345,5834766098300.645
1,Herring,0.00345,5803321288139.613
0,Dab,0.00345,68754179421.67282
1,Dab,0.00345,68152733702.1182
0,Whiting,0.00345,3690673157836.8657
1,Whiting,0.00345,3675767446778.5024
0,Sole,0.00345,326017204723.6399
1,Sole,0.00345,323355328670.4566
0,Gurnard,0.00345,6807620842277.108
1,Gurnard,0.00345,7631828129578.644
0,Plaice,0.00345,351784563177783.8
1,Plaice,0.00345,438319998424005.9
0,Haddock,0.00345,8932198368604.717
1,Haddock,0.00345,9017585527099.406
0,Cod,0.00345,27711771283.524803
1,Cod,0.00345,27588218353.505337
0,Saithe,0.00345,487731957657.84
1,Saithe,0.00345,487301137786.37744
0,Sprat,0.00411,6183919168042.389
1,Sprat,0.00411,6113931029463.631
0,Sandeel,0.00411,2502686981349.247
1,Sandeel,0.00411,2498278913432.3296
0,N.pout,0.00411,50698100156678.88
1,N.pout,0.00411,50126204225494.69
0,Herring,0.00411,5097259727906.797
1,Herring,0.00411,5065820565173.408
0,Dab,0.00411,60105896740.19041
1,Dab,0.00411,59532439818.17974
0,Whiting,0.00411,3217224676996.963
1,Whiting,0.00411,3202532731696.9844
0,Sole,0.00411,285788850615.6493
1,Sole,0.00411,283249451498.9449
0,Gurnard,0.00411,5899474273321.224
1,Gurnard,0.00411,6607700676241.793
0,Plaice,0.00411,297845809948840.9
1,Plaice,0.00411,369856888661461.06
0,Haddock,0.00411,7799028182221.055
1,Haddock,0.00411,7872214509388.778
0,Cod,0.00411,24499730969.600727
1,Cod,0.00411,24383474558.023262
0,Saithe,0.00411,433813536797.4623
1,Saithe,0.00411,433437216745.86926
0,Sprat,0.00491,5360223741887.98
1,Sprat,0.00491,5295221088543.732
0,Sandeel,0.00491,2210033388865.7764
1,Sandeel,0.00491,2206061778541.456
0,N.pout,0.00491,43998711100020.6
1,N.pout,0.00491,43501148979615.22
0,Herring,0.00491,4445997766074.421
1,Herring,0.00491,4415351409732.042
0,Dab,0.00491,52468195580.99516
1,Dab,0.00491,51930596532.508354
0,Whiting,0.00491,2798075568114.4824
1,Whiting,0.00491,2783968047623.533
0,Sole,0.00491,250223965276.2273
1,Sole,0.00491,247841600834.92218
0,Gurnard,0.00491,5098816688337.31
1,Gurnard,0.00491,5705820375501.422
0,Plaice,0.00491,251247801338069.13
1,Plaice,0.00491,310979072844816
0,Haddock,0.00491,6794918160958.895
1,Haddock,0.00491,6857709075546.119
0,Cod,0.00491,21637479723.660965
1,Cod,0.00491,21529270861.774063
0,Saithe,0.00491,385522319473.30634
1,Saithe,0.00491,385198353390.058
0,Sprat,0.00586,4637634203031.512
1,Sprat,0.00586,4578188401107.199
0,Sandeel,0.00586,1951802138123.3142
1,Sandeel,0.00586,1948235417823.185
0,N.pout,0.00586,38059318519495.99
1,N.pout,0.00586,37628580611754.12
0,Herring,0.00586,3871482879562.312
1,Herring,0.00586,3842216184648.276
0,Dab,0.00586,45729208361.708466
1,Dab,0.00586,45233190247.78594
0,Whiting,0.00586,2427532296311.3936
1,Whiting,0.00586,2414289493531.5566
0,Sole,0.00586,218803901457.84305
1,Sole,0.00586,216603791125.48694
0,Gurnard,0.00586,4394107996332.763
1,Gurnard,0.00586,4912939520329.963
0,Plaice,0.00586,211117701103732.72
1,Plaice,0.00586,260503071732569.7
0,Haddock,0.00586,5906221138760.449
1,Haddock,0.00586,5960173005556.15
0,Cod,0.00586,19087825357.173042
1,Cod,0.00586,18988180610.555126
0,Saithe,0.00586,342275642766.48926
1,Saithe,0.00586,342000990652.7293
0,Sprat,0.00699,4004634025654.4214
1,Sprat,0.00699,3951077744946.8276
0,Sandeel,0.00699,1723765839987.208
1,Sandeel,0.00699,1720579633619.3435
0,N.pout,0.00699,32805553764977.785
1,N.pout,0.00699,32434576452735.02
0,Herring,0.00699,3365256502833.482
1,Herring,0.00699,3337788194162.704
0,Dab,0.00699,39789415905.486374
1,Dab,0.00699,39338751851.996765
0,Whiting,0.00699,2100507252308.558
1,Whiting,0.00699,2088327436759.7441
0,Sole,0.00699,191067725498.84824
1,Sole,0.00699,189066580421.48938
0,Gurnard,0.00699,3775060790795.568
1,Gurnard,0.00699,4217245667019.5874
0,Plaice,0.00699,176675565586593.97
1,Plaice,0.00699,217374370729630.53
0,Haddock,0.00699,5120775829359.11
1,Haddock,0.00699,5167221035488.798
0,Cod,0.00699,16817709945.42076
1,Cod,0.00699,16726923813.428883
0,Saithe,0.00699,303554933925.8771
1,Saithe,0.00699,303325757315.552
0,Sprat,0.00834,3450983400245.7437
1,Sprat,0.00834,3403441468907.397
0,Sandeel,0.00834,1522254848718.3252
1,Sandeel,0.00834,1519429035853.813
0,N.pout,0.00834,28170376240624.633
1,N.pout,0.00834,27852532360548.16
0,Herring,0.00834,2919775051472.264
1,Herring,0.00834,2894384083624.411
0,Dab,0.00834,34560131610.12537
1,Dab,0.00834,34156873722.59715
0,Whiting,0.00834,1812440078844.7637
1,Whiting,0.00834,1801449203991.3325
0,Sole,0.00834,166605164055.05356
1,Sole,0.00834,164812164944.68356
0,Gurnard,0.00834,3232478092073.546
1,Gurnard,0.00834,3608180865321.508
0,Plaice,0.00834,147223285896495.4
1,Plaice,0.00834,180653316581802.06
0,Haddock,0.00834,4427723932278.373
1,Haddock,0.00834,4467795318027.941
0,Cod,0.00834,14797705474.19542
1,Cod,0.00834,14715869399.502953
0,Saithe,0.00834,268898237187.68744
1,Saithe,0.00834,268710028403.01923
0,Sprat,0.00995,2967559498683.0645
1,Sprat,0.00995,2925977814775.795
0,Sandeel,0.00995,1344079623733.033
1,Sandeel,0.00995,1341595984226.5469
0,N.pout,0.00995,24093074984720.586
1,N.pout,0.00995,23822173188962.61
0,Herring,0.00995,2528304836591.569
1,Herring,0.00995,2505153914954.4365
0,Dab,0.00995,29962263466.18756
1,Dab,0.00995,29606944010.101597
0,Whiting,0.00995,1559232790496.213
1,Whiting,0.00995,1549493593309.8967
0,Sole,0.00995,145050840656.6773
1,Sole,0.00995,143468490942.56912
0,Gurnard,0.00995,2758116947909.056
1,Gurnard,0.00995,3076286938347.9053
0,Plaice,0.00995,122136199312169.92
1,Plaice,0.00995,149503401573688.03
0,Haddock,0.00995,3817350582703.7607
1,Haddock,0.00995,3852004212099.5684
0,Cod,0.00995,13001581236.43384
1,Cod,0.00995,12928601140.319193
0,Saithe,0.00995,237893552590.79675
1,Saithe,0.00995,237741282767.62033
0,Sprat,0.0119,2546222972850.1514
1,Sprat,0.0119,2510399009823.977
0,Sandeel,0.0119,1186463423689.54
1,Sandeel,0.0119,1184304068518.3545
0,N.pout,0.0119,20518399223701.113
1,N.pout,0.0119,20288710353576.145
0,Herring,0.0119,2184829052067.577
1,Herring,0.0119,2163986089780.263
0,Dab,0.0119,25925212275.400826
1,Dab,0.0119,25617058533.071323
0,Whiting,0.0119,1337193267413.6887
1,Whiting,0.0119,1328715397941.8982
0,Sole,0.0119,126079159762.70299
1,Sole,0.0119,124704190536.17772
0,Gurnard,0.0119,2344569142803.102
1,Gurnard,0.0119,2613073105303.4126
0,Plaice,0.0119,100855650788705.34
1,Plaice,0.0119,123181288844799.67
0,Haddock,0.0119,3280942406361.064
1,Haddock,0.0119,3310981207716.016
0,Cod,0.0119,11405918940.13885
1,Cod,0.0119,11341538555.621117
0,Saithe,0.0119,210172840364.46164
1,Saithe,0.0119,210051180292.64297
0,Sprat,0.0142,2179706310173.815
1,Sprat,0.0142,2149320999323.4473
0,Sandeel,0.0142,1046984240069.1315
1,Sandeel,0.0142,1045130880351.953
0,N.pout,0.0142,17395800893236.426
1,N.pout,0.0142,17202136355480.041
0,Herring,0.0142,1883965514756.268
1,Herring,0.0142,1865424721258.5984
0,Dab,0.0142,22385909308.70489
1,Dab,0.0142,22123076797.34709
0,Whiting,0.0142,1142986444688.7612
1,Whiting,0.0142,1135738339253.5186
0,Sole,0.0142,109399844893.02106
1,Sole,0.0142,108224179523.16997
0,Gurnard,0.0142,1985157144629.57
1,Gurnard,0.0142,2210902735857.459
0,Plaice,0.0142,82882610665973.28
1,Plaice,0.0142,101028084766270.88
0,Haddock,0.0142,2810660850084.232
1,Haddock,0.0142,2836761997994.684
0,Cod,0.0142,9989770978.028515
1,Cod,0.0142,9933605240.075544
0,Saithe,0.0142,185406593132.3698
1,Saithe,0.0142,185310294746.822
0,Sprat,0.0169,1861520348732.782
1,Sprat,0.0169,1836168944395.704
0,Sandeel,0.0169,923525325650.3162
1,Sandeel,0.0169,921958922010.9243
0,N.pout,0.0169,14678906554169.52
1,N.pout,0.0169,14516645072146.453
0,Herring,0.0169,1620897841486.7268
1,Herring,0.0169,1604597502231.6528
0,Dab,0.0169,19287989086.676315
1,Dab,0.0169,19067795595.14549
0,Whiting,0.0169,973595600388.0306
1,Whiting,0.0169,967515050492.9379
0,Sole,0.0169,94754039342.02235
1,Sole,0.0169,93765790362.28203
0,Gurnard,0.0169,1673852107166.0278
1,Gurnard,0.0169,1862896553783.7058
0,Plaice,0.0169,67772224115712.61
1,Plaice,0.0169,82461511426615.7
0,Haddock,0.0169,2399441045418.7393
1,Haddock,0.0169,2422177900260.24
0,Cod,0.0169,8734371719.752773
1,Cod,0.0169,8685938335.660604
0,Saithe,0.0169,163299257817.81906
1,Saithe,0.0169,163223449740.3209
0,Sprat,0.0202,1585876002945.7744
1,Sprat,0.0202,1565094496470.2007
0,Sandeel,0.0202,814233377795.2521
1,Sandeel,0.0202,812933597401.6154
0,N.pout,0.0202,12325184911543.58
1,N.pout,0.0202,12190165177254.59
0,Herring,0.0202,1391318741311.7373
1,Herring,0.0202,1377152501065.8796
0,Dab,0.0202,16581090670.231665
1,Dab,0.0202,16400219787.049585
0,Whiting,0.0202,826292550426.9673
1,Whiting,0.0202,821292969440.332
0,Sole,0.0202,81910941425.59462
1,Sole,0.0202,81095344747.07971
0,Gurnard,0.0202,1405210965279.3457
1,Gurnard,0.0202,1562850040686.6519
0,Plaice,0.0202,55129173509173.04
1,Plaice,0.0202,66968751461906.17
0,Haddock,0.0202,2040913526595.6262
1,Haddock,0.0202,2060763970456.7854
0,Cod,0.0202,7622899197.893395
1,Cod,0.0202,7581634026.723167
0,Saithe,0.0202,143585486081.28845
1,Saithe,0.0202,143525613327.78918
0,Sprat,0.0241,1347612952912.0054
1,Sprat,0.0241,1330902229424.8516
0,Sandeel,0.0241,717482252454.835
1,Sandeel,0.0241,716427331021.6953
0,N.pout,0.0241,10295530107483.436
1,N.pout,0.0241,10183992480576.791
0,Herring,0.0241,1191374727860.8406
1,Herring,0.0241,1179202614127.1682
0,Dab,0.0241,14220219699.115217
1,Dab,0.0241,14074914693.796787
0,Whiting,0.0241,698607831905.5414
1,Whiting,0.0241,694585168696.5686
0,Sole,0.0241,70664804226.82764
1,Sole,0.0241,70005094503.78339
0,Gurnard,0.0241,1174312050545.3147
1,Gurnard,0.0241,1305163096205.761
0,Plaice,0.0241,44603321908952.805
1,Plaice,0.0241,54099824391821.15
0,Haddock,0.0241,1729322364074.8374
1,Haddock,0.0241,1746680246092.536
0,Cod,0.0241,6640247900.982508
1,Cod,0.0241,6605524831.181943
0,Saithe,0.0241,126026453116.17744
1,Saithe,0.0241,125978311063.71535
0,Sprat,0.0288,1142135995280.4346
1,Sprat,0.0288,1128983518219.3484
0,Sandeel,0.0288,631841978336.3267
1,Sandeel,0.0288,631008959736.3214
0,N.pout,0.0288,8553930968976.658
1,N.pout,0.0288,8462505632812.365
0,Herring,0.0288,1017617175250.5901
1,Herring,0.0288,1007276623788.8038
0,Dab,0.0288,12165182459.677477
1,Dab,0.0288,12051428079.296055
0,Whiting,0.0288,588305118309.4451
1,Whiting,0.0288,585145283000.4999
0,Sole,0.0288,60832260561.27239
1,Sole,0.0288,60310477276.1005
0,Gurnard,0.0288,976700373326.9757
1,Gurnard,0.0288,1084780210436.216
0,Plaice,0.0288,35885701765557.086
1,Plaice,0.0288,43461412744089.52
0,Haddock,0.0288,1459454785456.8137
1,Haddock,0.0288,1474644605464.8274
0,Cod,0.0288,5772829332.924762
1,Cod,0.0288,5743985095.78008
0,Saithe,0.0288,110406635690.91649
1,Saithe,0.0288,110366517920.8389
0,Sprat,0.0343,965358568204.599
1,Sprat,0.0343,955256720641.2091
0,Sandeel,0.0343,556052521122.6624
1,Sandeel,0.0343,555417637543.3289
0,N.pout,0.0343,7067253864951.949
1,N.pout,0.0343,6992948838227.645
0,Herring,0.0343,866960548143.4991
1,Herring,0.0343,858275972925.6057
0,Dab,0.0343,10380089070.255444
1,Dab,0.0343,10293772269.656479
0,Whiting,0.0343,493360431909.9253
1,Whiting,0.0343,490945798340.44604
0,Sole,0.0343,52249939176.410255
1,Sole,0.0343,51847646026.52758
0,Gurnard,0.0343,808344339957.8811
1,Gurnard,0.0343,897139537642.4833
0,Plaice,0.0343,28704820577462.742
1,Plaice,0.0343,34711094426790.36
0,Haddock,0.0343,1226585285715.987
1,Haddock,0.0343,1239875764333.528
0,Cod,0.0343,5008403783.483344
1,Cod,0.0343,4984761524.030831
0,Saithe,0.0343,96531150918.62234
1,Saithe,0.0343,96495987270.08737
0,Sprat,0.0409,813651793345.7706
1,Sprat,0.0409,806112864582.7736
0,Sandeel,0.0409,489001464185.176
1,Sandeel,0.0409,488540584211.18915
0,N.pout,0.0409,5805083349033.649
1,N.pout,0.0409,5745265183199.623
0,Herring,0.0409,736645707539.2881
1,Herring,0.0409,729436490544.9901
0,Dab,0.0409,8832910469.602118
1,Dab,0.0409,8769958819.770521
0,Whiting,0.0409,411944247239.4942
1,Whiting,0.0409,410159061116.51807
0,Sole,0.0409,44772326644.242195
1,Sole,0.0409,44471240323.91853
0,Gurnard,0.0409,665599641391.5491
1,Gurnard,0.0409,738129366366.5051
0,Plaice,0.0409,22823196652053.305
1,Plaice,0.0409,27551961216720.684
0,Haddock,0.0409,1026429183971.1859
1,Haddock,0.0409,1038044964769.9587
0,Cod,0.0409,4335935560.806995
1,Cod,0.0409,4316825836.562262
0,Saithe,0.0409,84223516680.40527
1,Saithe,0.0409,84190971397.69167
0,Sprat,0.0489,683798513972.9674
1,Sprat,0.0489,678366254414.7153
0,Sandeel,0.0489,429705008406.2213
1,Sandeel,0.0489,429394093807.25854
0,N.pout,0.0489,4739597157173.546
1,N.pout,0.0489,4691965012565.639
0,Herring,0.0489,624207513599.3773
1,Herring,0.0489,618294403267.7815
0,Dab,0.0489,7495083776.464151
1,Dab,0.0489,7451579536.982455
0,Whiting,0.0489,342405946095.351
1,Whiting,0.0489,341140455668.24896
0,Sole,0.0489,38269853933.71809
1,Sole,0.0489,38052373893.60772
0,Gurnard,0.0489,545178675111.78217
1,Gurnard,0.0489,604050588341.5289
0,Plaice,0.0489,18034106634797.89
1,Plaice,0.0489,21727616471013.094
0,Haddock,0.0489,855103629898.4954
1,Haddock,0.0489,865234960117.6151
0,Cod,0.0489,3745468559.4678884
1,Cod,0.0489,3730246845.360553
0,Saithe,0.0489,73323762245.68526
1,Saithe,0.0489,73292284298.2967
0,Sprat,0.0583,572951813378.5338
1,Sprat,0.0583,569209542279.5061
0,Sandeel,0.0583,377291787172.7406
1,Sandeel,0.0583,377107297954.70886
0,N.pout,0.0583,3845461339985.3105
1,N.pout,0.0583,3808015423798.5674
0,Herring,0.0583,527446161446.8088
1,Herring,0.0583,522656053235.1041
0,Dab,0.0583,6341160603.142588
1,Dab,0.0583,6313428750.883978
0,Whiting,0.0583,283260129441.481
1,Whiting,0.0583,282413288472.149
0,Sole,0.0583,32627188903.22468
1,Sole,0.0583,32476817763.88613
0,Gurnard,0.0583,444124267438.5468
1,Gurnard,0.0583,491583894045.2017
0,Plaice,0.0583,14158530508829.012
1,Plaice,0.0583,17017551399298.049
0,Haddock,0.0583,709094704714.953
1,Haddock,0.0583,717904975048.355
0,Cod,0.0583,3228019636.6449957
1,Cod,0.0583,3216079365.724465
0,Saithe,0.0583,63686836257.0153
1,Saithe,0.0583,63655655102.2197
0,Sprat,0.0696,478597091745.1421
1,Sprat,0.0696,476172895904.13904
0,Sandeel,0.0696,330989002223.8193
1,Sandeel,0.0696,330908250599.5121
0,N.pout,0.0696,3099731682278.8057
1,N.pout,0.0696,3070739242425.264
0,Herring,0.0696,444401424223.2697
1,Herring,0.0696,440570819972.2803
0,Dab,0.0696,5348489182.554401
1,Dab,0.0696,5333162570.266231
0,Whiting,0.0696,233173896449.4324
1,Whiting,0.0696,232655006884.4444
0,Sole,0.0696,27741697891.69991
1,Sole,0.0696,27643362019.86753
0,Gurnard,0.0696,359786070735.10187
1,Gurnard,0.0696,397760572723.4082
0,Plaice,0.0696,11042269783375.57
1,Plaice,0.0696,13232900600964.955
0,Haddock,0.0696,585228907044.0889
1,Haddock,0.0696,592860425021.5497
0,Cod,0.0696,2775485800.7024646
1,Cod,0.0696,2766267530.1205544
0,Saithe,0.0696,55181251703.03075
1,Saithe,0.0696,55150320446.13135
0,Sprat,0.083,398516883435.14795
1,Sprat,0.083,397086951792.0918
0,Sandeel,0.083,290110318581.6434
1,Sandeel,0.083,290111965795.9549
0,N.pout,0.083,2481730353099.916
1,N.pout,0.083,2459714553778.7266
0,Herring,0.083,373328304366.03174
1,Herring,0.083,370306814317.8681
0,Dab,0.083,4496921158.421671
1,Dab,0.083,4490991546.711284
0,Whiting,0.083,190954026426.52158
1,Whiting,0.083,190684467002.89346
0,Sole,0.083,23522051734.104366
1,Sole,0.083,23462341942.82669
0,Gurnard,0.083,289797183691.07794
1,Gurnard,0.083,319935967684.7406
0,Plaice,0.083,8553227077814.636
1,Plaice,0.083,10212575581795.926
0,Haddock,0.083,480645422989.99176
1,Haddock,0.083,487226314017.7217
0,Cod,0.083,2380557778.82884
1,Cod,0.083,2373560231.840124
0,Saithe,0.083,47687803944.567474
1,Saithe,0.083,47657806804.12818
0,Sprat,0.0991,330759956445.4711
1,Sprat,0.0991,330049281416.48145
0,Sandeel,0.0991,254045756183.4454
1,Sandeel,0.0991,254110097442.0562
0,N.pout,0.0991,1972965808342.5913
1,N.pout,0.0991,1956668724951.2773
0,Herring,0.0991,312677170471.75946
1,Herring,0.0991,310328977600.1749
0,Dab,0.0991,3768558233.4376698
1,Dab,0.0991,3769403702.9962053
0,Whiting,0.0991,155536656299.3643
1,Whiting,0.0991,155450045795.30182
0,Sole,0.0991,19886997508.70215
1,Sole,0.0991,19854316333.63155
0,Gurnard,0.0991,232055804191.68268
1,Gurnard,0.0991,255764826292.04794
0,Plaice,0.0991,6578917529342.307
1,Plaice,0.0991,7819770735286.636
0,Haddock,0.0991,392776342402.54614
1,Haddock,0.0991,398423387507.54517
0,Cod,0.0991,2036653176.4336793
1,Cod,0.0991,2031436626.7282138
0,Saithe,0.0991,41098643549.290436
1,Saithe,0.0991,41070859117.29992
0,Sprat,0.118,273612912141.32086
1,Sprat,0.118,273394124217.08887
0,Sandeel,0.118,222252825794.357
1,Sandeel,0.118,222362000163.33084
0,N.pout,0.118,1557015523757.5334
1,N.pout,0.118,1545363593642.2373
0,Herring,0.118,261074824919.74567
1,Herring,0.118,259279278771.65137
0,Dab,0.118,3147520297.8800273
1,Dab,0.118,3152915306.8528094
0,Whiting,0.118,125976729940.37633
1,Whiting,0.118,126018463897.2984
0,Sole,0.118,16764261624.381653
1,Sole,0.118,16748887207.995678
0,Gurnard,0.118,184705910910.66315
1,Gurnard,0.118,203177977563.6627
0,Plaice,0.118,5024148516067.776
1,Plaice,0.118,5938830703002.074
0,Haddock,0.118,319325980270.5378
1,Haddock,0.118,324146290061.41486
0,Cod,0.118,1737853316.7158265
1,Cod,0.118,1734039860.473148
0,Saithe,0.118,35316354533.327896
1,Saithe,0.118,35292479389.84279
0,Sprat,0.141,225574439452.17737
1,Sprat,0.141,225665158606.5909
0,Sandeel,0.141,194248818712.3749
1,Sandeel,0.141,194386954001.41055
0,N.pout,0.141,1219396233569.8826
1,N.pout,0.141,1211470906650.0125
0,Herring,0.141,217307187275.28726
1,Herring,0.141,215958755700.77374
0,Dab,0.141,2619736533.8701
1,Dab,0.141,2627847094.690176
0,Whiting,0.141,101437889078.46791
1,Whiting,0.141,101564244761.1783
0,Sole,0.141,14089576452.93821
1,Sole,0.141,14083650906.895947
0,Gurnard,0.141,146118312977.5028
1,Gurnard,0.141,160359956434.37802
0,Plaice,0.141,3808884747402.6416
1,Plaice,0.141,4472461903615.6045
0,Haddock,0.141,258251169539.17996
1,Haddock,0.141,262343152718.79178
0,Cod,0.141,1478845992.9505427
1,Cod,0.141,1476117459.7954085
0,Saithe,0.141,30253096184.290688
1,Saithe,0.141,30235047374.158646
0,Sprat,0.168,185332037214.37045
1,Sprat,0.168,185591093436.278
0,Sandeel,0.168,169604077112.71558
1,Sandeel,0.168,169757372705.7915
0,N.pout,0.168,947424966317.1051
1,N.pout,0.168,942439003570.5103
0,Herring,0.168,180303463546.80304
1,Herring,0.168,179311193636.90707
0,Dab,0.168,2172757542.2889867
1,Dab,0.168,2182123890.4905605
0,Whiting,0.168,81182824091.25659
1,Whiting,0.168,81359781252.99825
0,Sole,0.168,11805819474.24408
1,Sole,0.168,11803271083.626757
0,Gurnard,0.168,114872019661.5382
1,Gurnard,0.168,125727360788.2968
0,Plaice,0.168,2866296784259.816
1,Plaice,0.168,3339265098173.8887
0,Haddock,0.168,207742337365.22546
1,Haddock,0.168,211196202886.3188
0,Cod,0.168,1254873083.2274787
1,Cod,0.168,1252967114.4015625
0,Saithe,0.168,25829794467.791786
1,Saithe,0.168,25819504081.637493
0,Sprat,0.201,151741012575.76147
1,Sprat,0.201,152063869338.2132
0,Sandeel,0.201,147936094005.20743
1,Sandeel,0.201,148092846836.05563
0,N.pout,0.201,730073786376.2335
1,N.pout,0.201,727353077954.3365
0,Herring,0.201,149121646086.8125
1,Herring,0.201,148408273447.70947
0,Dab,0.201,1795586535.69407
1,Dab,0.201,1805095735.103051
0,Whiting,0.201,64564099979.78725
1,Whiting,0.201,64766011338.272194
0,Sole,0.201,9862254110.377785
1,Sole,0.201,9858664109.987116
0,Gurnard,0.201,89735900280.73457
1,Gurnard,0.201,97907865729.6184
0,Plaice,0.201,2140988045477.099
1,Plaice,0.201,2471560890957.295
0,Haddock,0.201,166205134568.86777
1,Haddock,0.201,169103139109.64047
0,Cod,0.201,1061682049.7632691
1,Cod,0.201,1060386865.3706223
0,Saithe,0.201,21975370600.05349
1,Saithe,0.201,21974586755.05431
0,Sprat,0.24,123805562413.9458
1,Sprat,0.24,124119263446.19057
0,Sandeel,0.24,128904319102.8043
1,Sandeel,0.24,129054899182.67842
0,N.pout,0.24,557821844847.3485
1,N.pout,0.24,556792097622.3275
0,Herring,0.24,122935225949.24332
1,Herring,0.24,122436054262.43146
0,Dab,0.24,1478527819.3571465
1,Dab,0.24,1487378752.5411968
0,Whiting,0.24,51015494942.72605
1,Whiting,0.24,51223720130.42635
0,Sole,0.24,8213861543.805932
1,Sole,0.24,8206287294.263483
0,Gurnard,0.24,69650706205.74081
1,Gurnard,0.24,75719922878.76234
0,Plaice,0.24,1587393615742.4297
1,Plaice,0.24,1813476756691.582
0,Haddock,0.24,132242526618.11835
1,Haddock,0.24,134659137130.25122
0,Cod,0.24,895480638.208424
1,Cod,0.24,894628987.1642809
0,Saithe,0.24,18626001714.952206
1,Saithe,0.24,18636110451.85917
0,Sprat,0.286,100661776449.28038
1,Sprat,0.286,100919693322.5439
0,Sandeel,0.286,112205569427.94334
1,Sandeel,0.286,112342351832.3593
0,N.pout,0.286,422508436478.91364
1,N.pout,0.286,422685678854.1616
0,Herring,0.286,101021026697.96452
1,Herring,0.286,100682679676.1601
0,Dab,0.286,1213050898.401444
1,Dab,0.286,1220714044.7437706
0,Whiting,0.286,40043894287.48767
1,Whiting,0.286,40245487342.92758
0,Sole,0.286,6820752870.0943575
1,Sole,0.286,6807520033.484672
0,Gurnard,0.286,53711589426.49703
1,Gurnard,0.286,58153238465.837105
0,Plaice,0.286,1168342821380.3735
1,Plaice,0.286,1319263085815.3247
0,Haddock,0.286,104637361193.77907
1,Haddock,0.286,106639448096.37761
0,Cod,0.286,752894347.4728252
1,Cod,0.286,752357089.7008722
0,Saithe,0.286,15724414441.927195
1,Saithe,0.286,15746296103.591112
0,Sprat,0.342,81562386109.56293
1,Sprat,0.342,81739017503.60866
0,Sandeel,0.342,97569961900.18065
1,Sandeel,0.342,97687222136.73328
0,N.pout,0.342,317190375338.40106
1,N.pout,0.342,318173984130.4176
0,Herring,0.342,82748087090.37852
1,Herring,0.342,82527214140.03888
0,Dab,0.342,991668629.9010966
1,Dab,0.342,997842937.8051842
0,Whiting,0.342,31221775148.300316
1,Whiting,0.342,31408289311.885452
0,Sole,0.342,5647651086.959536
1,Sole,0.342,5628127742.801629
0,Gurnard,0.342,41151280074.39599
1,Gurnard,0.342,44350154504.36421
0,Plaice,0.342,853776684407.9467
1,Plaice,0.342,951807096311.8473
0,Haddock,0.342,82335488254.11923
1,Haddock,0.342,83982614072.69386
0,Cod,0.342,630926459.1470854
1,Cod,0.342,630606163.2046071
0,Saithe,0.342,13219216333.09811
1,Saithe,0.342,13253147690.150705
0,Sprat,0.408,65863091587.736
1,Sprat,0.408,65949131976.30503
0,Sandeel,0.408,84757299699.11105
1,Sandeel,0.408,84851079445.19579
0,N.pout,0.408,236006260366.28787
1,N.pout,0.408,237473179589.76755
0,Herring,0.408,67567529967.496025
1,Herring,0.408,67429527466.43508
0,Dab,0.408,807827893.4601808
1,Dab,0.408,812396915.731202
0,Whiting,0.408,24180298396.77985
1,Whiting,0.408,24346746661.618458
0,Sole,0.408,4663432720.7793865
1,Sole,0.408,4637798221.267751
0,Gurnard,0.408,31324084212.466835
1,Gurnard,0.408,33588057950.463856
0,Plaice,0.408,619610945980.3284
1,Plaice,0.408,681317091239.3615
0,Haddock,0.408,64429537940.13852
1,Haddock,0.408,65774362675.67765
0,Cod,0.408,526920558.7517312
1,Cod,0.408,526745436.08750397
0,Saithe,0.408,11064272210.055895
1,Saithe,0.408,11109882094.625713
0,Sprat,0.486,53010306539.22153
1,Sprat,0.486,53008165237.237976
0,Sandeel,0.486,73553854081.30014
1,Sandeel,0.486,73621806235.13803
0,N.pout,0.486,174049290001.4318
1,N.pout,0.486,175748289991.76398
0,Herring,0.486,55003355173.43442
1,Herring,0.486,54921151764.460556
0,Dab,0.486,655811259.1224661
1,Dab,0.486,658800588.4271291
0,Whiting,0.486,18602998009.111828
1,Whiting,0.486,18746986791.623837
0,Sole,0.486,3840719190.6376104
1,Sole,0.486,3809740118.4943542
0,Gurnard,0.486,23690839805.136047
1,Gurnard,0.486,25262921791.35487
0,Plaice,0.486,446735218308.1333
1,Plaice,0.486,484154804422.9822
0,Haddock,0.486,50143461782.50352
1,Haddock,0.486,51232256688.45738
0,Cod,0.486,438525533.9993017
1,Cod,0.486,438444013.8879929
0,Saithe,0.486,9218132562.535114
1,Saithe,0.486,9274414576.693346
0,Sprat,0.58,42530198972.42487
1,Sprat,0.58,42450080492.51664
0,Sandeel,0.58,63769501130.67869
1,Sandeel,0.58,63810716663.86218
0,N.pout,0.58,127249460095.51389
1,N.pout,0.58,128994565861.51021
0,Herring,0.58,44644114957.08565
1,Herring,0.58,44597038075.340935
0,Dab,0.58,530648547.1602138
1,Dab,0.58,532186065.0538773
0,Whiting,0.58,14220044487.911024
1,Whiting,0.58,14341069597.88352
0,Sole,0.58,3155510515.7926364
1,Sole,0.58,3120333432.437882
0,Gurnard,0.58,17804951537.609135
1,Gurnard,0.58,18874049037.72641
0,Plaice,0.58,320139295935.5622
1,Plaice,0.58,341799480222.6803
0,Haddock,0.58,38817946948.592224
1,Haddock,0.58,39691172095.200485
0,Cod,0.58,363663310.1325669
1,Cod,0.58,363639318.05412376
0,Saithe,0.58,7643521567.953154
1,Saithe,0.58,7708901051.354829
0,Sprat,0.693,34018889112.192623
1,Sprat,0.693,33875502989.70671
0,Sandeel,0.693,55235174688.946396
1,Sandeel,0.693,55249993318.14439
0,N.pout,0.693,92265159685.42007
1,N.pout,0.693,93927848419.10196
0,Herring,0.693,36135409840.22958
1,Herring,0.693,36108141048.52758
0,Dab,0.693,428036993.21228117
1,Dab,0.693,428317156.40761566
0,Whiting,0.693,10803025448.702156
1,Whiting,0.693,10901909855.193846
0,Sole,0.693,2586853800.903905
1,Sole,0.693,2548822537.763212
0,Gurnard,0.693,13299569636.051756
1,Gurnard,0.693,14010054788.93617
0,Plaice,0.693,228157265406.9531
1,Plaice,0.693,239932768015.14774
0,Haddock,0.693,29896767862.786697
1,Haddock,0.693,30589665485.70639
0,Cod,0.693,300499412.0345186
1,Cod,0.693,300508352.64874136
0,Saithe,0.693,6306888608.565727
1,Saithe,0.693,6379335990.320883
0,Sprat,0.827,27133700048.65976
1,Sprat,0.827,26943603992.057533
0,Sandeel,0.827,47800610285.17697
1,Sandeel,0.827,47790407775.89117
0,N.pout,0.827,66383751083.32797
1,N.pout,0.827,67883963792.98161
0,Herring,0.827,29173153757.373672
1,Herring,0.827,29154760612.51208
0,Dab,0.827,344269094.3731937
1,Dab,0.827,343521920.8291799
0,Whiting,0.827,8160180885.294485
1,Whiting,0.827,8238623906.62048
0,Sole,0.827,2116541436.4423273
1,Sole,0.827,2077043124.2513444
0,Gurnard,0.827,9875950517.158916
1,Gurnard,0.827,10336090091.300491
0,Plaice,0.827,161820364826.1322
1,Plaice,0.827,167637544543.91022
0,Haddock,0.827,22914122693.442554
1,Haddock,0.827,23457274768.74009
0,Cod,0.827,247416565.11342663
1,Cod,0.827,247441802.17474574
0,Saithe,0.827,5178024546.6540365
1,Saithe,0.827,5255202286.232081
0,Sprat,0.987,21585261004.680027
1,Sprat,0.987,21364890460.849403
0,Sandeel,0.987,41332322086.014595
1,Sandeel,0.987,41299299840.49505
0,N.pout,0.987,47430383261.18795
1,N.pout,0.987,48726930092.12289
0,Herring,0.987,23497480262.483566
1,Herring,0.987,23480570876.896423
0,Dab,0.987,276166194.7791353
1,Dab,0.987,274632201.59782594
0,Whiting,0.987,6131996613.106331
1,Whiting,0.987,6192233090.063814
0,Sole,0.987,1728829283.9047835
1,Sole,0.987,1689175584.302312
0,Gurnard,0.987,7292961885.175447
1,Gurnard,0.987,7582288332.556885
0,Plaice,0.987,114308611755.6147
1,Plaice,0.987,116705892799.66055
0,Haddock,0.987,17482915698.590866
1,Haddock,0.987,17902779695.472847
0,Cod,0.987,202990612.66805854
1,Cod,0.987,203020913.12694797
0,Saithe,0.987,4229731884.035834
1,Saithe,0.987,4309167282.953137
0,Sprat,1.18,17130457250.087963
1,Sprat,1.18,16894770343.78887
0,Sandeel,1.18,35711827020.65267
1,Sandeel,1.18,35658799855.585915
0,N.pout,1.18,33684834163.982746
1,N.pout,1.18,34765698023.595856
0,Herring,1.18,18887298949.599182
1,Herring,1.18,18867269167.417126
0,Dab,1.18,221017955.43244603
1,Dab,1.18,218928977.09425387
0,Whiting,1.18,4587136633.894114
1,Whiting,1.18,4631670544.707442
0,Sole,1.18,1410175825.9657314
1,Sole,1.18,1371518759.1555161
0,Gurnard,1.18,5357761556.844943
1,Gurnard,1.18,5533401125.279696
0,Plaice,1.18,80492873865.94612
1,Plaice,1.18,81051673357.16002
0,Haddock,1.18,13284065278.738554
1,Haddock,1.18,13603433228.823174
0,Cod,1.18,165969424.11565498
1,Cod,1.18,165997044.91826534
0,Saithe,1.18,3437566983.2850566
1,Saithe,1.18,3516817706.5160546
0,Sprat,1.4,13566128257.753935
1,Sprat,1.4,13327786061.461174
0,Sandeel,1.4,30834151156.17573
1,Sandeel,1.4,30764338772.02067
0,N.pout,1.4,23805910676.041767
1,N.pout,1.4,24679204359.734776
0,Herring,1.4,15155408452.737074
1,Herring,1.4,15129782398.154644
0,Dab,1.4,176526872.31173643
1,Dab,1.4,174092548.72588152
0,Whiting,1.4,3418657986.5575614
1,Whiting,1.4,3450058280.109443
0,Sole,1.4,1148999191.5075326
1,Sole,1.4,1112279436.0594444
0,Gurnard,1.4,3917581870.956093
1,Gurnard,1.4,4019583907.221865
0,Plaice,1.4,56557552604.83949
1,Plaice,1.4,56221889201.50969
0,Haddock,1.4,10056771785.679121
1,Haddock,1.4,10295162129.625425
0,Cod,1.4,135254367.15716878
1,Cod,1.4,135273702.68541667
0,Saithe,1.4,2779617223.9756966
1,Saithe,1.4,2856425602.4972196
0,Sprat,1.68,10723446196.408932
1,Sprat,1.68,10492431501.249186
0,Sandeel,1.68,26606956708.51551
1,Sandeel,1.68,26523781440.34687
0,N.pout,1.68,16763456900.328047
1,N.pout,1.68,17449613598.73545
0,Herring,1.68,12144113677.194458
1,Herring,1.68,12111973758.093899
0,Dab,1.68,140757398.3442309
1,Dab,1.68,138156810.82159162
0,Whiting,1.68,2540495209.1084285
1,Whiting,1.68,2561242893.8527875
0,Sole,1.68,935450802.1899446
1,Sole,1.68,901374466.243436
0,Gurnard,1.68,2852567994.8570147
1,Gurnard,1.68,2908288135.9384413
0,Plaice,1.68,39694271445.145134
1,Plaice,1.68,38999092473.50574
0,Haddock,1.68,7589732923.340922
1,Haddock,1.68,7763724940.465508
0,Cod,1.68,109884120.22925873
1,Cod,1.68,109890795.98016103
0,Saithe,1.68,2236327958.5976553
1,Saithe,1.68,2308737602.659487
0,Sprat,2,8462914131.334226
1,Sprat,2,8246488656.253594
0,Sandeel,2,22952185638.04175
1,Sandeel,2,22859070506.99585
0,N.pout,2,11778111639.728495
1,N.pout,2,12303679489.959639
0,Herring,2,9721287268.33269
1,Herring,2,9682799446.093283
0,Dab,2,112089312.41538167
1,Dab,2,109467063.53304632
0,Whiting,2,1884217765.4823003
1,Whiting,2,1896596293.0766141
0,Sole,2,761204941.162177
1,Sole,2,730243727.2438602
0,Gurnard,2,2069600310.2279701
1,Gurnard,2,2097213261.3156128
0,Plaice,2,27856998821.095478
1,Plaice,2,27085149487.935665
0,Haddock,2,5713269288.023807
1,Haddock,2,5836806897.827445
0,Cod,2,89020409.7082003
1,Cod,2,89010814.24812932
0,Saithe,2,1790335003.6015937
1,Saithe,2,1856780767.181372
0,Sprat,2.39,6669937962.903258
1,Sprat,2.39,6472837479.540003
0,Sandeel,2.39,19820373509.786804
1,Sandeel,2.39,19720451144.7674
0,N.pout,2.39,8268978472.504193
1,N.pout,2.39,8662127857.299303
0,Herring,2.39,7776847113.267752
1,Herring,2.39,7732872265.680746
0,Dab,2.39,89175187.94622098
1,Dab,2.39,86641025.95371412
0,Whiting,2.39,1396063811.1169
1,Whiting,2.39,1402098671.3499887
0,Sole,2.39,619264391.6951345
1,Sole,2.39,591673279.1835982
0,Gurnard,2.39,1497035690.0611994
1,Gurnard,2.39,1508265180.6878865
0,Plaice,2.39,19569387841.93291
1,Plaice,2.39,18855322378.484043
0,Haddock,2.39,4292353292.0707364
1,Haddock,2.39,4377023175.324428
0,Cod,2.39,71935481.56920007
1,Cod,2.39,71906581.44082247
0,Saithe,2.39,1426320673.1789076
1,Saithe,2.39,1485679638.5417309
0,Sprat,2.85,5250927636.016298
1,Sprat,2.85,5075705017.178723
0,Sandeel,2.85,17269006006.73082
1,Sandeel,2.85,17164192015.077297
0,N.pout,2.85,5809316260.177931
1,N.pout,2.85,6096838972.381796
0,Herring,2.85,6219610778.141827
1,Herring,2.85,6171395599.571037
0,Dab,2.85,70901809.82701765
1,Dab,2.85,68532864.92113937
0,Whiting,2.85,1034305515.8894439
1,Whiting,2.85,1035723259.7402617
0,Sole,2.85,503782267.18027943
1,Sole,2.85,479628887.4181362
0,Gurnard,2.85,1080285706.028552
1,Gurnard,2.85,1082458100.5175862
0,Plaice,2.85,13775578004.669525
1,Plaice,2.85,13171114494.319693
0,Haddock,2.85,3220500200.2507887
1,Haddock,2.85,3275793528.638026
0,Cod,2.85,58000928.15117158
1,Cod,2.85,57950253.00241613
0,Saithe,2.85,1130878355.8656642
1,Saithe,2.85,1182480714.4549434
0,Sprat,3.4,4129887331.498907
1,Sprat,3.4,3977329286.1082726
0,Sandeel,3.4,15801198161.945002
1,Sandeel,3.4,15687969846.549429
0,N.pout,3.4,4089793555.521557
1,N.pout,3.4,4295418665.415674
0,Herring,3.4,4974495685.394788
1,Herring,3.4,4923437036.018542
0,Dab,3.4,56355411.632646464
1,Dab,3.4,54200153.37501618
0,Whiting,3.4,766914731.2573105
1,Whiting,3.4,765136022.8223861
0,Sole,3.4,409900134.4748996
1,Sole,3.4,389100551.3821727
0,Gurnard,3.4,778147443.4125831
1,Gurnard,3.4,775684907.4388283
0,Plaice,3.4,9726445904.017784
1,Plaice,3.4,9240664800.877287
0,Haddock,3.4,2414477205.9786496
1,Haddock,3.4,2448042514.5733304
0,Cod,3.4,46677617.65094797
1,Cod,3.4,46603243.589411594
0,Saithe,3.4,892377400.448834
1,Saithe,3.4,935982011.9349791
0,Sprat,4.06,3245458239.923407
1,Sprat,4.06,3115017595.969681
0,Sandeel,4.06,16735559437.868408
1,Sandeel,4.06,16594281391.459257
0,N.pout,4.06,2888855226.3604865
1,N.pout,4.06,3032532781.407876
0,Herring,4.06,3980039824.2630982
1,Herring,4.06,3927515300.9372563
0,Dab,4.06,44790519.24171299
1,Dab,4.06,42873657.51726145
0,Whiting,4.06,569554166.1705726
1,Whiting,4.06,565708350.9404925
0,Sole,4.06,333602224.429949
1,Sole,4.06,315958708.123889
0,Gurnard,4.06,559800910.3067151
1,Gurnard,4.06,555269538.001749
0,Plaice,4.06,6894181183.019352
1,Plaice,4.06,6516478661.908285
0,Haddock,4.06,1809779486.282091
1,Haddock,4.06,1827669616.68262
0,Cod,4.06,37505898.61199475
1,Cod,4.06,37406793.37237487
0,Saithe,4.06,700823677.8934957
1,Saithe,4.06,736566438.6401695
0,Sprat,4.84,2548387363.5524974
1,Sprat,4.84,2438589412.9565225
0,Sandeel,4.84,18647466283.74692
1,Sandeel,4.84,18463269658.648388
0,N.pout,4.84,2049405072.7338293
1,N.pout,4.84,2147243762.4124336
0,Herring,4.84,3186220838.0352407
1,Herring,4.84,3133477062.9925284
0,Dab,4.84,35602155.01096341
1,Dab,4.84,33929869.934429154
0,Whiting,4.84,423878674.7602351
1,Whiting,4.84,418834259.2933463
0,Sole,4.84,271585164.01843566
1,Sole,4.84,256822604.64940682
0,Gurnard,4.84,402386865.75941783
1,Gurnard,4.84,397206446.8019517
0,Plaice,4.84,4909050129.008497
1,Plaice,4.84,4621699241.597026
0,Haddock,4.84,1356814230.894782
1,Haddock,4.84,1363726180.8179617
0,Cod,4.84,30096982.489446666
1,Cod,4.84,29972950.289226204
0,Saithe,4.84,547713888.8518381
1,Saithe,4.84,576038528.244476
0,Sprat,5.78,1999441235.0035934
1,Sprat,5.78,1908234702.4573338
0,Sandeel,5.78,18028976891.270107
1,Sandeel,5.78,17826750115.256668
0,N.pout,5.78,1461249984.7965298
1,N.pout,5.78,1525847359.1654124
0,Herring,5.78,2552553477.0499196
1,Herring,5.78,2500642658.901189
0,Dab,5.78,28302889.713316817
1,Dab,5.78,26867774.944744214
0,Whiting,5.78,316235459.8477607
1,Whiting,5.78,310634495.1944412
0,Sole,5.78,221145516.74165714
1,Sole,5.78,208943932.7031889
0,Gurnard,5.78,289085367.1207089
1,Gurnard,5.78,283992734.2339742
0,Plaice,5.78,3513319162.0845985
1,Plaice,5.78,3297781669.1501093
0,Haddock,5.78,1017751511.1194566
1,Haddock,5.78,1017254890.2322887
0,Cod,5.78,24124841.40285693
1,Cod,5.78,23976587.222130947
0,Saithe,5.78,425887644.09131837
1,Saithe,5.78,447468520.896462
0,Sprat,6.9,1568001369.945789
1,Sprat,6.9,1493022723.5127108
0,Sandeel,6.9,16151761105.134722
1,Sandeel,6.9,15952039492.732603
0,N.pout,6.9,1047861339.9081439
1,N.pout,6.9,1088816684.1626754
0,Herring,6.9,2046444950.1541686
1,Herring,6.9,1996199888.9077299
0,Dab,6.9,22503579.087057035
1,Dab,6.9,21288903.010680273
0,Whiting,6.9,236609223.8618181
1,Whiting,6.9,230900370.89974663
0,Sole,6.9,180083378.81436342
1,Sole,6.9,170104988.64497218
0,Gurnard,6.9,207610734.80685496
1,Gurnard,6.9,202951249.25558102
0,Plaice,6.9,2528019435.4287095
1,Plaice,6.9,2367727915.8058376
0,Haddock,6.9,763951634.3640711
1,Haddock,6.9,758699855.9447175
0,Cod,6.9,19318977.3653901
1,Cod,6.9,19148074.751816113
0,Saithe,6.9,329378367.9720547
1,Saithe,6.9,345043346.4179675
0,Sprat,8.23,1232610760.710402
1,Sprat,8.23,1171269536.3626373
0,Sandeel,8.23,14210154758.539577
1,Sandeel,8.23,14020216196.71925
0,N.pout,8.23,756037541.4248874
1,N.pout,8.23,780504370.979538
0,Herring,8.23,1641784976.8604984
1,Herring,8.23,1593822991.3517733
0,Dab,8.23,17893864.38095588
1,Dab,8.23,16877324.46201755
0,Whiting,8.23,177596494.2961412
1,Whiting,8.23,172076326.016152
0,Sole,8.23,146613786.4752651
1,Sole,8.23,138524609.74572277
0,Gurnard,8.23,149040768.41909164
1,Gurnard,8.23,144945381.10578096
0,Plaice,8.23,1829051762.950085
1,Plaice,8.23,1710343453.4636998
0,Haddock,8.23,573843931.3113863
1,Haddock,8.23,565764456.110007
0,Cod,8.23,15456220.450879576
1,Cod,8.23,15265081.677082438
0,Saithe,8.23,253258631.50039926
1,Saithe,8.23,263917740.6460327
0,Sprat,9.82,989199203.5042294
1,Sprat,9.82,938174918.8059944
0,Sandeel,9.82,12461218827.413898
1,Sandeel,9.82,12282952722.323019
0,N.pout,9.82,548901133.1696551
1,N.pout,9.82,562111480.3953097
0,Herring,9.82,1317749295.9323344
1,Herring,9.82,1272496187.3052819
0,Dab,9.82,14227654.73496821
1,Dab,9.82,13384382.123539839
0,Whiting,9.82,133736073.22247395
1,Whiting,9.82,128587078.05978967
0,Sole,9.82,119293039.00086008
1,Sole,9.82,112778870.74838866
0,Gurnard,9.82,106928627.34953214
1,Gurnard,9.82,103417522.09943715
0,Plaice,9.82,1330427494.0523345
1,Plaice,9.82,1242568386.3017323
0,Haddock,9.82,431261902.14324266
1,Haddock,9.82,421722113.23513955
0,Cod,9.82,12353717.250682281
1,Cod,9.82,12145536.596009845
0,Saithe,9.82,193492676.13964742
1,Saithe,9.82,200076155.29544166
0,Sprat,11.7,882733480.0333711
1,Sprat,11.7,835512339.7637085
0,Sandeel,11.7,10922187748.91028
1,Sandeel,11.7,10755365780.480244
0,N.pout,11.7,401039401.2479867
1,N.pout,11.7,406759092.1987812
0,Herring,11.7,1057794223.793236
1,Herring,11.7,1015520149.3883783
0,Dab,11.7,11314111.334362244
1,Dab,11.7,10618705.093344226
0,Whiting,11.7,101024087.06966293
1,Whiting,11.7,96345887.65494047
0,Sole,11.7,96957216.91414449
1,Sole,11.7,91734325.74021952
0,Gurnard,11.7,76635383.00991562
1,Gurnard,11.7,73676273.97635011
0,Plaice,11.7,972552739.1250044
1,Plaice,11.7,907375368.393019
0,Haddock,11.7,324142784.4616649
1,Haddock,11.7,314089293.075843
0,Cod,11.7,9862745.986451188
1,Cod,11.7,9641404.467781309
0,Saithe,11.7,146798337.95525363
1,Saithe,11.7,150205635.61608964
0,Sprat,14,991305559.8136806
1,Sprat,14,935950963.4596524
0,Sandeel,14,9569162557.207172
1,Sandeel,14,9412757671.681105
0,N.pout,14,295672076.1921573
1,N.pout,14,296545185.4718593
0,Herring,14,848822859.9824766
1,Herring,14,809682288.8625134
0,Dab,14,9024375.559874078
1,Dab,14,8450960.641332636
0,Whiting,14,76623868.61648303
1,Whiting,14,72449303.43452536
0,Sole,14,78678067.09502907
1,Sole,14,74498447.98919505
0,Gurnard,14,54838864.05604667
1,Gurnard,14,52377701.81014118
0,Plaice,14,714156708.4901943
1,Plaice,14,665570648.1377276
0,Haddock,14,243543239.35114855
1,Haddock,14,233611745.02683038
0,Cod,14,7863892.442993139
1,Cod,14,7633742.082327631
0,Saithe,14,110543414.31495942
1,Saithe,14,111602197.11944264
0,Sprat,16.7,1025186285.1174096
1,Sprat,16.7,965181669.3480264
0,Sandeel,16.7,8373293205.252462
1,Sandeel,16.7,8226241641.576082
0,N.pout,16.7,221778250.80645344
1,N.pout,16.7,219605203.7512306
0,Herring,16.7,680493059.8815463
1,Herring,16.7,644562187.361382
0,Dab,16.7,7339318.148207794
1,Dab,16.7,6857414.3149589505
0,Whiting,16.7,58235626.6894641
1,Whiting,16.7,54574421.78851373
0,Sole,16.7,63692340.87911231
1,Sole,16.7,60348074.66631528
0,Gurnard,16.7,39146801.85878089
1,Gurnard,16.7,37124747.02669878
0,Plaice,16.7,526285259.2231547
1,Plaice,16.7,489854535.1047082
0,Haddock,16.7,182765041.09068468
1,Haddock,16.7,173372399.96056107
0,Cod,16.7,6259263.468553733
1,Cod,16.7,6025149.120200924
0,Saithe,16.7,82559193.35307923
1,Saithe,16.7,81997823.94749916
0,Sprat,19.9,719915470.6897963
1,Sprat,19.9,675749649.1055967
0,Sandeel,19.9,7305978681.0920315
1,Sandeel,19.9,7167662288.727557
0,N.pout,19.9,178249044.0222996
1,N.pout,19.9,173848228.33291408
0,Herring,19.9,544674393.355019
1,Herring,19.9,511977421.4895146
0,Dab,19.9,6467162.416438841
1,Dab,19.9,6026217.368165051
0,Whiting,19.9,44335716.124135934
1,Whiting,19.9,41169969.349125475
0,Sole,19.9,51398598.51142415
1,Sole,19.9,48719261.89080255
0,Gurnard,19.9,27859718.765766155
1,Gurnard,19.9,26218646.334415063
0,Plaice,19.9,388877281.2669973
1,Plaice,19.9,361384238.1296709
0,Haddock,19.9,136883706.72290912
1,Haddock,19.9,128287357.21706212
0,Cod,19.9,4971629.461792768
1,Cod,19.9,4738512.851485978
0,Saithe,19.9,61123331.283630945
1,Saithe,19.9,59551649.0928654
0,Sprat,23.8,379278967.90951234
1,Sprat,23.8,354875355.5669871
0,Sandeel,23.8,6337970580.543884
1,Sandeel,23.8,6208474133.165265
0,N.pout,23.8,171570026.55149388
1,N.pout,23.8,163961594.11352375
0,Herring,23.8,435019610.27506715
1,Herring,23.8,405538062.0261675
0,Dab,23.8,5729646.44112916
1,Dab,23.8,5729439.280714393
0,Whiting,23.8,33835378.15427579
1,Whiting,23.8,31126612.267337352
0,Sole,23.8,41319875.227615155
1,Sole,23.8,39168440.708476454
0,Gurnard,23.8,19777912.746399313
1,Gurnard,23.8,18461137.52588588
0,Plaice,23.8,287909332.9696372
1,Plaice,23.8,267024429.7693974
0,Haddock,23.8,102267368.70172207
1,Haddock,23.8,94605914.38184026
0,Cod,23.8,3939919.1161075844
1,Cod,23.8,3712503.5652994504
0,Saithe,23.8,44852186.19006204
1,Saithe,23.8,42752407.68668393
0,Sprat,28.4,152241664.71170685
1,Sprat,28.4,141964594.175679
0,Sandeel,28.4,5431174417.490835
1,Sandeel,28.4,5311606685.298491
0,N.pout,28.4,167832909.35305193
1,N.pout,28.4,156246726.23740962
0,Herring,28.4,346499915.152722
1,Herring,28.4,320181694.9784286
0,Dab,28.4,4525364.200723707
1,Dab,28.4,4901595.072192507
0,Whiting,28.4,25895629.47740506
1,Whiting,28.4,23597242.558073763
0,Sole,28.4,33070206.671720453
1,Sole,28.4,31338711.06718284
0,Gurnard,28.4,14087689.64333213
1,Gurnard,28.4,13036746.372364264
0,Plaice,28.4,213420668.1320536
1,Plaice,28.4,197463885.43434554
0,Haddock,28.4,76187915.48987989
1,Haddock,28.4,69514403.92120978
0,Cod,28.4,3114831.6027708207
1,Cod,28.4,2897337.962055916
0,Saithe,28.4,32624019.678529438
1,Saithe,28.4,30352738.907003503
0,Sprat,33.8,34368523.91232058
1,Sprat,33.8,31938836.837902803
0,Sandeel,33.8,4501058036.200815
1,Sandeel,33.8,4394819639.204538
0,N.pout,33.8,130224358.09885941
1,N.pout,33.8,118018818.2024906
0,Herring,33.8,275009861.3524203
1,Herring,33.8,251789275.0240591
0,Dab,33.8,3225105.530322747
1,Dab,33.8,3781664.3679884616
0,Whiting,33.8,19874648.610961072
1,Whiting,33.8,17939543.16957033
0,Sole,33.8,26334719.61085993
1,Sole,33.8,24939386.392259948
0,Gurnard,33.8,10358830.79796439
1,Gurnard,33.8,9499477.077462014
0,Plaice,33.8,158261395.79176053
1,Plaice,33.8,146023265.79107103
0,Haddock,33.8,56548759.32583961
1,Haddock,33.8,50861941.5648237
0,Cod,33.8,2456065.889857175
1,Cod,33.8,2252118.5557143837
0,Saithe,33.8,23524570.336243846
1,Saithe,33.8,21325183.2650474
0,Sprat,40.4,0
1,Sprat,40.4,0
0,Sandeel,40.4,1240922625.8810127
1,Sandeel,40.4,1209871536.2138674
0,N.pout,40.4,88533131.58357176
1,N.pout,40.4,78283351.0827603
0,Herring,40.4,217277477.76752934
1,Herring,40.4,197073454.7542354
0,Dab,40.4,2209853.4583927775
1,Dab,40.4,2782541.269501937
0,Whiting,40.4,15302573.177580731
1,Whiting,40.4,13684682.186529787
0,Sole,40.4,20860092.68351972
1,Sole,40.4,19735926.073289536
0,Gurnard,40.4,7233654.164039484
1,Gurnard,40.4,7429508.241979887
0,Plaice,40.4,117304337.89077674
1,Plaice,40.4,107906003.17112269
0,Haddock,40.4,41777865.48495989
1,Haddock,40.4,37037296.88950173
0,Cod,40.4,1931248.6601053835
1,Cod,40.4,1743699.7331057552
0,Saithe,40.4,16822928.176648747
1,Saithe,40.4,14842766.332301669
0,Sprat,48.2,0
1,Sprat,48.2,0
0,Sandeel,48.2,0
1,Sandeel,48.2,0
0,N.pout,48.2,57301723.15316472
1,N.pout,48.2,49586194.42107685
0,Herring,48.2,170756723.4361876
1,Herring,48.2,153454330.20042494
0,Dab,48.2,1484763.9784329473
1,Dab,48.2,1981618.1107891903
0,Whiting,48.2,11900288.224552829
1,Whiting,48.2,10547716.236602385
0,Sole,48.2,16468577.08113893
1,Sole,48.2,15562463.341918353
0,Gurnard,48.2,4712333.470171789
1,Gurnard,48.2,5429902.0488369465
0,Plaice,48.2,86930919.12804662
1,Plaice,48.2,79713979.67157835
0,Haddock,48.2,30742212.28844884
1,Haddock,48.2,26870252.66422486
0,Cod,48.2,1515556.0893626744
1,Cod,48.2,1346176.4044885659
0,Saithe,48.2,11943975.22550655
1,Saithe,48.2,10253820.749929843
0,Sprat,57.5,0
1,Sprat,57.5,0
0,Sandeel,57.5,0
1,Sandeel,57.5,0
0,N.pout,57.5,35564687.64873892
1,N.pout,57.5,30222880.291711
0,Herring,57.5,133540355.34012909
1,Herring,57.5,118965143.78849493
0,Dab,57.5,979280.3652443191
1,Dab,57.5,1364781.1066661486
0,Whiting,57.5,9436663.147273265
1,Whiting,57.5,8294714.147008043
0,Sole,57.5,13076417.798000403
1,Sole,57.5,12340659.10748633
0,Gurnard,57.5,2630256.18769697
1,Gurnard,57.5,3326916.5296122795
0,Plaice,57.5,64386742.17715615
1,Plaice,57.5,58860421.27186152
0,Haddock,57.5,22517516.253182977
1,Haddock,57.5,19419851.400595773
0,Cod,57.5,1187085.887925155
1,Cod,57.5,1036796.3843023092
0,Saithe,57.5,8428718.26916786
1,Saithe,57.5,7045193.100146624
0,Sprat,68.7,0
1,Sprat,68.7,0
0,Sandeel,68.7,0
1,Sandeel,68.7,0
0,N.pout,68.7,20706520.70053843
1,N.pout,68.7,17345329.54304901
0,Herring,68.7,104615714.1540457
1,Herring,68.7,92465641.00148416
0,Dab,68.7,632298.6338491248
1,Dab,68.7,907224.2304488643
0,Whiting,68.7,8005927.032545673
1,Whiting,68.7,6982124.170896444
0,Sole,68.7,10909130.689414058
1,Sole,68.7,10280892.820464935
0,Gurnard,68.7,1356027.313657089
1,Gurnard,68.7,1828392.7350989794
0,Plaice,68.7,47731272.238518186
1,Plaice,68.7,43513731.012988806
0,Haddock,68.7,16409551.760193609
1,Haddock,68.7,13982606.732168077
0,Cod,68.7,928238.4249987272
1,Cod,68.7,797143.7978626882
0,Saithe,68.7,5920679.036271506
1,Saithe,68.7,4825831.378360704
0,Sprat,81.9,0
1,Sprat,81.9,0
0,Sandeel,81.9,0
1,Sandeel,81.9,0
0,N.pout,81.9,10743489.225219062
1,N.pout,81.9,8908219.135857046
0,Herring,81.9,85296393.85653308
1,Herring,81.9,74881382.040651
0,Dab,81.9,398471.0787124587
1,Dab,81.9,581877.9243828609
0,Whiting,81.9,7025138.492960844
1,Whiting,81.9,6512725.528715748
0,Sole,81.9,8761726.130829003
1,Sole,81.9,9526721.84296224
0,Gurnard,81.9,670609.0773978083
1,Gurnard,81.9,939685.3100262248
0,Plaice,81.9,35813473.35834566
1,Plaice,81.9,32575065.440862212
0,Haddock,81.9,11905893.44828136
1,Haddock,81.9,10041868.555357138
0,Cod,81.9,725134.1246328477
1,Cod,81.9,612585.811249997
0,Saithe,81.9,4147643.3163425513
1,Saithe,81.9,3304766.7402751283
0,Sprat,97.8,0
1,Sprat,97.8,0
0,Sandeel,97.8,0
1,Sandeel,97.8,0
0,N.pout,97.8,4267509.597608587
1,N.pout,97.8,3518584.835015699
0,Herring,97.8,81242931.23093548
1,Herring,97.8,70934129.02113643
0,Dab,97.8,244078.89733719346
1,Dab,97.8,359860.6473447772
0,Whiting,97.8,5683082.781353933
1,Whiting,97.8,5673151.196393715
0,Sole,97.8,6535562.763601019
1,Sole,97.8,8167408.223573976
0,Gurnard,97.8,320557.29056704923
1,Gurnard,97.8,458607.9076929898
0,Plaice,97.8,28352434.694677204
1,Plaice,97.8,25747240.919938035
0,Haddock,97.8,8614383.440829957
1,Haddock,97.8,7208134.783110653
0,Cod,97.8,566411.3495788996
1,Cod,97.8,471184.5485327455
0,Saithe,97.8,2903804.7788427947
1,Saithe,97.8,2269233.2360402476
0,Sprat,117,0
1,Sprat,117,0
0,Sandeel,117,0
1,Sandeel,117,0
0,N.pout,117,208186.19908875588
1,N.pout,117,171500.55972151508
0,Herring,117,61712866.92863993
1,Herring,117,71557577.35750128
0,Dab,117,144459.06491920698
1,Dab,117,214059.89660100255
0,Whiting,117,4106020.997264696
1,Whiting,117,4432495.691036118
0,Sole,117,4105304.0585783
1,Sole,117,5686450.38776397
0,Gurnard,117,148106.814066655
1,Gurnard,117,214140.32991115993
0,Plaice,117,20461430.13394148
1,Plaice,117,21404299.110575374
0,Haddock,117,6249154.87689435
1,Haddock,117,5201138.942816147
0,Cod,117,442782.8438796548
1,Cod,117,363277.5405814565
0,Saithe,117,2036207.5684402443
1,Saithe,117,1566945.149464861
0,Sprat,139,0
1,Sprat,139,0
0,Sandeel,139,0
1,Sandeel,139,0
0,N.pout,139,0
1,N.pout,139,0
0,Herring,139,32152561.13848828
1,Herring,139,49455201.91998137
0,Dab,139,81940.77941854879
1,Dab,139,121782.67147650583
0,Whiting,139,2844940.7003686232
1,Whiting,139,3308846.6287051425
0,Sole,139,2371964.1260006605
1,Sole,139,3500711.7512863395
0,Gurnard,139,66073.77830913589
1,Gurnard,139,96084.20282738289
0,Plaice,139,13396588.934983976
1,Plaice,139,15968300.128424278
0,Haddock,139,4655116.205801915
1,Haddock,139,3863445.194532103
0,Cod,139,346824.5927155543
1,Cod,139,281187.215941232
0,Saithe,139,1433731.8574673277
1,Saithe,139,1091326.4131890726
0,Sprat,166,0
1,Sprat,166,0
0,Sandeel,166,0
1,Sandeel,166,0
0,N.pout,166,0
1,N.pout,166,0
0,Herring,166,11986681.590024794
1,Herring,166,22845754.961624317
0,Dab,166,43972.73570229072
1,Dab,166,65547.72921951412
0,Whiting,166,1938790.2704402928
1,Whiting,166,2409131.0504799983
0,Sole,166,1315513.5776232153
1,Sole,166,2009767.063733237
0,Gurnard,166,28398.33552067213
1,Gurnard,166,41482.801622747604
0,Plaice,166,8021816.728428743
1,Plaice,166,10565493.110296246
0,Haddock,166,3423788.736546609
1,Haddock,166,3105206.1593145267
0,Cod,166,272522.45830168045
1,Cod,166,218870.7577406493
0,Saithe,166,1016198.3668499659
1,Saithe,166,768819.485169949
0,Sprat,198,0
1,Sprat,198,0
0,Sandeel,198,0
1,Sandeel,198,0
0,N.pout,198,0
1,N.pout,198,0
0,Herring,198,3565461.9176797383
1,Herring,198,7813136.140661971
0,Dab,198,21834.237852851762
1,Dab,198,32680.952848691297
0,Whiting,198,1304709.7695827642
1,Whiting,198,1713483.2215970776
0,Sole,198,705849.1208443572
1,Sole,198,1097284.1141779053
0,Gurnard,198,11711.726416922196
1,Gurnard,198,17195.38933479396
0,Plaice,198,4642051.484275507
1,Plaice,198,6540160.573807154
0,Haddock,198,2493267.3045470514
1,Haddock,198,2502280.467354627
0,Cod,198,215039.80533888284
1,Cod,198,171579.47982622051
0,Saithe,198,726662.238924677
1,Saithe,198,549217.6954388127
0,Sprat,237,0
1,Sprat,237,0
0,Sandeel,237,0
1,Sandeel,237,0
0,N.pout,237,0
1,N.pout,237,0
0,Herring,237,836829.0029737941
1,Herring,237,1989998.8698140355
0,Dab,237,9619.645136131889
1,Dab,237,14478.061468187192
0,Whiting,237,865895.0321596923
1,Whiting,237,1188180.689291574
0,Sole,237,365802.935859461
1,Sole,237,573719.8714177051
0,Gurnard,237,4604.096112834948
1,Gurnard,237,6803.009214672857
0,Plaice,237,2639782.2225231756
1,Plaice,237,3878010.711678649
0,Haddock,237,1630606.558054037
1,Haddock,237,1807118.2066544653
0,Cod,237,170546.43983999733
1,Cod,237,135626.5128099388
0,Saithe,237,525266.8962982249
1,Saithe,237,398611.08926551335
0,Sprat,282,0
1,Sprat,282,0
0,Sandeel,282,0
1,Sandeel,282,0
0,N.pout,282,0
1,N.pout,282,0
0,Herring,282,139845.85818220535
1,Herring,282,347874.3855023147
0,Dab,282,3423.484102193894
1,Dab,282,5187.6747380119205
0,Whiting,282,565266.7279184409
1,Whiting,282,802039.8388408263
0,Sole,282,182173.15485825998
1,Sole,282,287249.64690427645
0,Gurnard,282,1707.281787327999
1,Gurnard,282,2542.1695036205842
0,Plaice,282,1479259.3361533382
1,Plaice,282,2228101.6593621275
0,Haddock,282,1015110.5333718028
1,Haddock,282,1226417.7524983974
0,Cod,282,136052.57212227257
1,Cod,282,108200.63605786492
0,Saithe,282,384456.1440552379
1,Saithe,282,294334.4447132951
0,Sprat,337,0
1,Sprat,337,0
0,Sandeel,337,0
1,Sandeel,337,0
0,N.pout,337,0
1,N.pout,337,0
0,Herring,337,12343.958785517221
1,Herring,337,31496.717307866962
0,Dab,337,674.8134172757749
1,Dab,337,1030.4763114664024
0,Whiting,337,361689.6367736903
1,Whiting,337,526334.4194872647
0,Sole,337,86461.44675186648
1,Sole,337,136920.07075978542
0,Gurnard,337,587.1448480144177
1,Gurnard,337,882.0416327323356
0,Plaice,337,816406.5283445715
1,Plaice,337,1248835.4399930635
0,Haddock,337,625329.5999406453
1,Haddock,337,809861.159929996
0,Cod,337,109242.28580924773
1,Cod,337,87180.0620860666
0,Saithe,337,285311.26097440213
1,Saithe,337,221306.6382026647
0,Sprat,402,0
1,Sprat,402,0
0,Sandeel,402,0
1,Sandeel,402,0
0,N.pout,402,0
1,N.pout,402,0
0,Herring,402,0
1,Herring,402,0
0,Dab,402,0
1,Dab,402,0
0,Whiting,402,225717.90821218246
1,Whiting,402,335013.1425987816
0,Sole,402,38600.55317121766
1,Sole,402,61388.21373672248
0,Gurnard,402,182.01451682105898
1,Gurnard,402,276.10674747986434
0,Plaice,402,443026.62261579774
1,Plaice,402,685035.1335179233
0,Haddock,402,384974.1187141954
1,Haddock,402,525772.8040334382
0,Cod,402,88331.92215473714
1,Cod,402,70972.49529574504
0,Saithe,402,214898.5523783984
1,Saithe,402,169497.39687667435
0,Sprat,480,0
1,Sprat,480,0
0,Sandeel,480,0
1,Sandeel,480,0
0,N.pout,480,0
1,N.pout,480,0
0,Herring,480,0
1,Herring,480,0
0,Dab,480,0
1,Dab,480,0
0,Whiting,480,136393.02890731802
1,Whiting,480,205779.45890672624
0,Sole,480,15870.223251334693
1,Sole,480,25352.54835807335
0,Gurnard,480,48.30804491691316
1,Gurnard,480,74.03857961478738
0,Plaice,480,235776.48091034332
1,Plaice,480,367802.6146730307
0,Haddock,480,237357.33062052753
1,Haddock,480,337259.9090753571
0,Cod,480,71953.64133128796
1,Cod,480,58386.97213884915
0,Saithe,480,164394.09017949493
1,Saithe,480,132221.54778432383
0,Sprat,573,0
1,Sprat,573,0
0,Sandeel,573,0
1,Sandeel,573,0
0,N.pout,573,0
1,N.pout,573,0
0,Herring,573,0
1,Herring,573,0
0,Dab,573,0
1,Dab,573,0
0,Whiting,573,78910.6683152741
1,Whiting,573,120791.4687513299
0,Sole,573,5791.966100637858
1,Sole,573,9296.24457701722
0,Gurnard,573,9.8593304466063465
1,Gurnard,573,15.270141004326641
0,Plaice,573,122613.081164713
1,Plaice,573,192822.3726570042
0,Haddock,573,146572.21577017684
1,Haddock,573,214538.81380358618
0,Cod,573,59061.6369333356
1,Cod,573,48534.36590795957
0,Saithe,573,127792.45647061752
1,Saithe,573,105017.9358566718
0,Sprat,683,0
1,Sprat,683,0
0,Sandeel,683,0
1,Sandeel,683,0
0,N.pout,683,0
1,N.pout,683,0
0,Herring,683,0
1,Herring,683,0
0,Dab,683,0
1,Dab,683,0
0,Whiting,683,42909.67206687422
1,Whiting,683,66563.84027721138
0,Sole,683,1747.4291471328022
1,Sole,683,2818.191673730736
0,Gurnard,683,1.1149042495665111
1,Gurnard,683,1.7446595406941738
0,Plaice,683,61992.88207716686
1,Plaice,683,98246.52301585792
0,Haddock,683,90567.4943318293
1,Haddock,683,135651.57270766067
0,Cod,683,48858.3978324722
1,Cod,683,40751.91645562258
0,Saithe,683,101088.37658960838
1,Saithe,683,84971.8989474031
0,Sprat,816,0
1,Sprat,816,0
0,Sandeel,816,0
1,Sandeel,816,0
0,N.pout,816,0
1,N.pout,816,0
0,Herring,816,0
1,Herring,816,0
0,Dab,816,0
1,Dab,816,0
0,Whiting,816,21211.957626244224
1,Whiting,816,33314.47908728618
0,Sole,816,367.2433103826722
1,Sole,816,595.1146576511441
0,Gurnard,816,0
1,Gurnard,816,0
0,Plaice,816,30261.096474183636
1,Plaice,816,48314.391466251735
0,Haddock,816,55893.327232259384
1,Haddock,816,85299.24842259183
0,Cod,816,40740.52553713024
1,Cod,816,34549.330743826584
0,Saithe,816,82036.2966489041
1,Saithe,816,70559.47618771427
0,Sprat,973,0
1,Sprat,973,0
0,Sandeel,973,0
1,Sandeel,973,0
0,N.pout,973,0
1,N.pout,973,0
0,Herring,973,0
1,Herring,973,0
0,Dab,973,0
1,Dab,973,0
0,Whiting,973,8896.786166322112
1,Whiting,973,14132.734214980255
0,Sole,973,21.49752862411969
1,Sole,973,34.99290213309083
0,Gurnard,973,0
1,Gurnard,973,0
0,Plaice,973,14124.390387065083
1,Plaice,973,22709.00890173574
0,Haddock,973,34351.74262172791
1,Haddock,973,53263.304873718414
0,Cod,973,34275.22894071049
1,Cod,973,29585.08562556762
0,Saithe,973,70803.87714340753
1,Saithe,973,62330.011579728896
0,Sprat,1160,0
1,Sprat,1160,0
0,Sandeel,1160,0
1,Sandeel,1160,0
0,N.pout,1160,0
1,N.pout,1160,0
0,Herring,1160,0
1,Herring,1160,0
0,Dab,1160,0
1,Dab,1160,0
0,Whiting,1160,2624.6018012350714
1,Whiting,1160,4212.383647029819
0,Sole,1160,0
1,Sole,1160,0
0,Gurnard,1160,0
1,Gurnard,1160,0
0,Plaice,1160,6218.805634750675
1,Plaice,1160,10063.387327265335
0,Haddock,1160,20935.92441188773
1,Haddock,1160,32911.54798716258
0,Cod,1160,29274.57708466205
1,Cod,1160,25733.92077102048
0,Saithe,1160,60348.066159971415
1,Saithe,1160,60350.516987431714
0,Sprat,1390,0
1,Sprat,1390,0
0,Sandeel,1390,0
1,Sandeel,1390,0
0,N.pout,1390,0
1,N.pout,1390,0
0,Herring,1390,0
1,Herring,1390,0
0,Dab,1390,0
1,Dab,1390,0
0,Whiting,1390,105.35251596511827
1,Whiting,1390,170.53095335757595
0,Sole,1390,0
1,Sole,1390,0
0,Gurnard,1390,0
1,Gurnard,1390,0
0,Plaice,1390,2532.825665249052
1,Plaice,1390,4122.75005807876
0,Haddock,1390,12576.714158191633
1,Haddock,1390,20008.734923133463
0,Cod,1390,26194.24394730902
1,Cod,1390,23461.42400153557
0,Saithe,1390,49272.82184298875
1,Saithe,1390,56242.32446223369
0,Sprat,1650,0
1,Sprat,1650,0
0,Sandeel,1650,0
1,Sandeel,1650,0
0,N.pout,1650,0
1,N.pout,1650,0
0,Herring,1650,0
1,Herring,1650,0
0,Dab,1650,0
1,Dab,1650,0
0,Whiting,1650,0
1,Whiting,1650,0
0,Sole,1650,0
1,Sole,1650,0
0,Gurnard,1650,0
1,Gurnard,1650,0
0,Plaice,1650,926.5741389076575
1,Plaice,1650,1516.0893533465585
0,Haddock,1650,7383.126654388265
1,Haddock,1650,11867.655270740384
0,Cod,1650,24263.34171803016
1,Cod,1650,23848.907106366827
0,Saithe,1650,37511.96454356322
1,Saithe,1650,48141.0273276758
0,Sprat,1970,0
1,Sprat,1970,0
0,Sandeel,1970,0
1,Sandeel,1970,0
0,N.pout,1970,0
1,N.pout,1970,0
0,Herring,1970,0
1,Herring,1970,0
0,Dab,1970,0
1,Dab,1970,0
0,Whiting,1970,0
1,Whiting,1970,0
0,Sole,1970,0
1,Sole,1970,0
0,Gurnard,1970,0
1,Gurnard,1970,0
0,Plaice,1970,290.31570042162525
1,Plaice,1970,477.1910697200075
0,Haddock,1970,4182.533296478708
1,Haddock,1970,6781.81110930935
0,Cod,1970,22407.167317243267
1,Cod,1970,24514.453463231453
0,Saithe,1970,27948.754811243496
1,Saithe,1970,39329.45350972923
0,Sprat,2360,0
1,Sprat,2360,0
0,Sandeel,2360,0
1,Sandeel,2360,0
0,N.pout,2360,0
1,N.pout,2360,0
0,Herring,2360,0
1,Herring,2360,0
0,Dab,2360,0
1,Dab,2360,0
0,Whiting,2360,0
1,Whiting,2360,0
0,Sole,2360,0
1,Sole,2360,0
0,Gurnard,2360,0
1,Gurnard,2360,0
0,Plaice,2360,71.46868869396928
1,Plaice,2360,117.9335402133164
0,Haddock,2360,2242.4874408460423
1,Haddock,2360,3662.4283688088967
0,Cod,2360,18783.28763279738
1,Cod,2360,22862.911622871292
0,Saithe,2360,20700.09534169455
1,Saithe,2360,31106.0392373178
0,Sprat,2810,0
1,Sprat,2810,0
0,Sandeel,2810,0
1,Sandeel,2810,0
0,N.pout,2810,0
1,N.pout,2810,0
0,Herring,2810,0
1,Herring,2810,0
0,Dab,2810,0
1,Dab,2810,0
0,Whiting,2810,0
1,Whiting,2810,0
0,Sole,2810,0
1,Sole,2810,0
0,Gurnard,2810,0
1,Gurnard,2810,0
0,Plaice,2810,11.379326909957651
1,Plaice,2810,18.839925240761858
0,Haddock,2810,1101.6244073936236
1,Haddock,2810,1809.7331786847087
0,Cod,2810,15096.863287664199
1,Cod,2810,20200.888218000462
0,Saithe,2810,15250.224368978852
1,Saithe,2810,23924.20798090933
0,Sprat,3350,0
1,Sprat,3350,0
0,Sandeel,3350,0
1,Sandeel,3350,0
0,N.pout,3350,0
1,N.pout,3350,0
0,Herring,3350,0
1,Herring,3350,0
0,Dab,3350,0
1,Dab,3350,0
0,Whiting,3350,0
1,Whiting,3350,0
0,Sole,3350,0
1,Sole,3350,0
0,Gurnard,3350,0
1,Gurnard,3350,0
0,Plaice,3350,0.45870502736681595
1,Plaice,3350,0.7615033053513793
0,Haddock,3350,466.30341979384485
1,Haddock,3350,769.6125415393535
0,Cod,3350,11985.184999146586
1,Cod,3350,17310.137677075454
0,Saithe,3350,11142.36825254545
1,Saithe,3350,17948.265585536734
0,Sprat,4000,0
1,Sprat,4000,0
0,Sandeel,4000,0
1,Sandeel,4000,0
0,N.pout,4000,0
1,N.pout,4000,0
0,Herring,4000,0
1,Herring,4000,0
0,Dab,4000,0
1,Dab,4000,0
0,Whiting,4000,0
1,Whiting,4000,0
0,Sole,4000,0
1,Sole,4000,0
0,Gurnard,4000,0
1,Gurnard,4000,0
0,Plaice,4000,0
1,Plaice,4000,0
0,Haddock,4000,147.0158606312668
1,Haddock,4000,243.5284071018302
0,Cod,4000,9447.919585859148
1,Cod,4000,14434.319207632607
0,Saithe,4000,8040.3381441600595
1,Saithe,4000,13157.36994407313
0,Sprat,4780,0
1,Sprat,4780,0
0,Sandeel,4780,0
1,Sandeel,4780,0
0,N.pout,4780,0
1,N.pout,4780,0
0,Herring,4780,0
1,Herring,4780,0
0,Dab,4780,0
1,Dab,4780,0
0,Whiting,4780,0
1,Whiting,4780,0
0,Sole,4780,0
1,Sole,4780,0
0,Gurnard,4780,0
1,Gurnard,4780,0
0,Plaice,4780,0
1,Plaice,4780,0
0,Haddock,4780,15.59916615019473
1,Haddock,4780,25.909661494399305
0,Cod,4780,7388.522334545369
1,Cod,4780,11722.733566122279
0,Saithe,4780,5701.737585894154
1,Saithe,4780,9421.075718914
0,Sprat,5700,0
1,Sprat,5700,0
0,Sandeel,5700,0
1,Sandeel,5700,0
0,N.pout,5700,0
1,N.pout,5700,0
0,Herring,5700,0
1,Herring,5700,0
0,Dab,5700,0
1,Dab,5700,0
0,Whiting,5700,0
1,Whiting,5700,0
0,Sole,5700,0
1,Sole,5700,0
0,Gurnard,5700,0
1,Gurnard,5700,0
0,Plaice,5700,0
1,Plaice,5700,0
0,Haddock,5700,0
1,Haddock,5700,0
0,Cod,5700,5717.666963929658
1,Cod,5700,9286.157427139759
0,Saithe,5700,3950.115632004438
1,Saithe,5700,6569.561221144426
0,Sprat,6800,0
1,Sprat,6800,0
0,Sandeel,6800,0
1,Sandeel,6800,0
0,N.pout,6800,0
1,N.pout,6800,0
0,Herring,6800,0
1,Herring,6800,0
0,Dab,6800,0
1,Dab,6800,0
0,Whiting,6800,0
1,Whiting,6800,0
0,Sole,6800,0
1,Sole,6800,0
0,Gurnard,6800,0
1,Gurnard,6800,0
0,Plaice,6800,0
1,Plaice,6800,0
0,Haddock,6800,0
1,Haddock,6800,0
0,Cod,6800,4364.020646647432
1,Cod,6800,7183.891647114581
0,Saithe,6800,2654.6310156893514
1,Saithe,6800,4437.426187430455
0,Sprat,8120,0
1,Sprat,8120,0
0,Sandeel,8120,0
1,Sandeel,8120,0
0,N.pout,8120,0
1,N.pout,8120,0
0,Herring,8120,0
1,Herring,8120,0
0,Dab,8120,0
1,Dab,8120,0
0,Whiting,8120,0
1,Whiting,8120,0
0,Sole,8120,0
1,Sole,8120,0
0,Gurnard,8120,0
1,Gurnard,8120,0
0,Plaice,8120,0
1,Plaice,8120,0
0,Haddock,8120,0
1,Haddock,8120,0
0,Cod,8120,3271.6559575712313
1,Cod,8120,5426.371689077381
0,Saithe,8120,1715.840043764413
1,Saithe,8120,2881.063291930965
0,Sprat,9690,0
1,Sprat,9690,0
0,Sandeel,9690,0
1,Sandeel,9690,0
0,N.pout,9690,0
1,N.pout,9690,0
0,Herring,9690,0
1,Herring,9690,0
0,Dab,9690,0
1,Dab,9690,0
0,Whiting,9690,0
1,Whiting,9690,0
0,Sole,9690,0
1,Sole,9690,0
0,Gurnard,9690,0
1,Gurnard,9690,0
0,Plaice,9690,0
1,Plaice,9690,0
0,Haddock,9690,0
1,Haddock,9690,0
0,Cod,9690,2396.50077888955
1,Cod,9690,3992.1523988090225
0,Saithe,9690,1055.7015831921024
1,Saithe,9690,1780.3487661764846
0,Sprat,11600,0
1,Sprat,11600,0
0,Sandeel,11600,0
1,Sandeel,11600,0
0,N.pout,11600,0
1,N.pout,11600,0
0,Herring,11600,0
1,Herring,11600,0
0,Dab,11600,0
1,Dab,11600,0
0,Whiting,11600,0
1,Whiting,11600,0
0,Sole,11600,0
1,Sole,11600,0
0,Gurnard,11600,0
1,Gurnard,11600,0
0,Plaice,11600,0
1,Plaice,11600,0
0,Haddock,11600,0
1,Haddock,11600,0
0,Cod,11600,1703.426346138386
1,Cod,11600,2845.6857982469173
0,Saithe,11600,610.6427966902446
1,Saithe,11600,1034.35492712209
0,Sprat,13800,0
1,Sprat,13800,0
0,Sandeel,13800,0
1,Sandeel,13800,0
0,N.pout,13800,0
1,N.pout,13800,0
0,Herring,13800,0
1,Herring,13800,0
0,Dab,13800,0
1,Dab,13800,0
0,Whiting,13800,0
1,Whiting,13800,0
0,Sole,13800,0
1,Sole,13800,0
0,Gurnard,13800,0
1,Gurnard,13800,0
0,Plaice,13800,0
1,Plaice,13800,0
0,Haddock,13800,0
1,Haddock,13800,0
0,Cod,13800,1163.9907565259796
1,Cod,13800,1948.8651518406712
0,Saithe,13800,327.0812057806516
1,Saithe,13800,556.5998444649315
0,Sprat,16500,0
1,Sprat,16500,0
0,Sandeel,16500,0
1,Sandeel,16500,0
0,N.pout,16500,0
1,N.pout,16500,0
0,Herring,16500,0
1,Herring,16500,0
0,Dab,16500,0
1,Dab,16500,0
0,Whiting,16500,0
1,Whiting,16500,0
0,Sole,16500,0
1,Sole,16500,0
0,Gurnard,16500,0
1,Gurnard,16500,0
0,Plaice,16500,0
1,Plaice,16500,0
0,Haddock,16500,0
1,Haddock,16500,0
0,Cod,16500,754.6591097370984
1,Cod,16500,1266.1359804115993
0,Saithe,16500,159.30528397071393
1,Saithe,16500,272.35677584432676
0,Sprat,19600,0
1,Sprat,19600,0
0,Sandeel,19600,0
1,Sandeel,19600,0
0,N.pout,19600,0
1,N.pout,19600,0
0,Herring,19600,0
1,Herring,19600,0
0,Dab,19600,0
1,Dab,19600,0
0,Whiting,19600,0
1,Whiting,19600,0
0,Sole,19600,0
1,Sole,19600,0
0,Gurnard,19600,0
1,Gurnard,19600,0
0,Plaice,19600,0
1,Plaice,19600,0
0,Haddock,19600,0
1,Haddock,19600,0
0,Cod,19600,455.33477750519995
1,Cod,19600,765.5723949864775
0,Saithe,19600,68.90503799558086
1,Saithe,19600,118.35342937840697
0,Sprat,23400,0
1,Sprat,23400,0
0,Sandeel,23400,0
1,Sandeel,23400,0
0,N.pout,23400,0
1,N.pout,23400,0
0,Herring,23400,0
1,Herring,23400,0
0,Dab,23400,0
1,Dab,23400,0
0,Whiting,23400,0
1,Whiting,23400,0
0,Sole,23400,0
1,Sole,23400,0
0,Gurnard,23400,0
1,Gurnard,23400,0
0,Plaice,23400,0
1,Plaice,23400,0
0,Haddock,23400,0
1,Haddock,23400,0
0,Cod,23400,248.07734421326026
1,Cod,23400,418.0734504055379
0,Saithe,23400,25.60376812910379
1,Saithe,23400,44.177262673260266
0,Sprat,28000,0
1,Sprat,28000,0
0,Sandeel,28000,0
1,Sandeel,28000,0
0,N.pout,28000,0
1,N.pout,28000,0
0,Herring,28000,0
1,Herring,28000,0
0,Dab,28000,0
1,Dab,28000,0
0,Whiting,28000,0
1,Whiting,28000,0
0,Sole,28000,0
1,Sole,28000,0
0,Gurnard,28000,0
1,Gurnard,28000,0
0,Plaice,28000,0
1,Plaice,28000,0
0,Haddock,28000,0
1,Haddock,28000,0
0,Cod,28000,115.94222949301754
1,Cod,28000,195.89882309395836
0,Saithe,28000,7.747143006583579
1,Saithe,28000,13.423028814592088
0,Sprat,33400,0
1,Sprat,33400,0
0,Sandeel,33400,0
1,Sandeel,33400,0
0,N.pout,33400,0
1,N.pout,33400,0
0,Herring,33400,0
1,Herring,33400,0
0,Dab,33400,0
1,Dab,33400,0
0,Whiting,33400,0
1,Whiting,33400,0
0,Sole,33400,0
1,Sole,33400,0
0,Gurnard,33400,0
1,Gurnard,33400,0
0,Plaice,33400,0
1,Plaice,33400,0
0,Haddock,33400,0
1,Haddock,33400,0
0,Cod,33400,42.03480881296468
1,Cod,33400,71.22774678470354
0,Saithe,33400,1.7199950541673878
1,Saithe,33400,2.990909048251987
0,Sprat,39900,0
1,Sprat,39900,0
0,Sandeel,39900,0
1,Sandeel,39900,0
0,N.pout,39900,0
1,N.pout,39900,0
0,Herring,39900,0
1,Herring,39900,0
0,Dab,39900,0
1,Dab,39900,0
0,Whiting,39900,0
1,Whiting,39900,0
0,Sole,39900,0
1,Sole,39900,0
0,Gurnard,39900,0
1,Gurnard,39900,0
0,Plaice,39900,0
1,Plaice,39900,0
0,Haddock,39900,0
1,Haddock,39900,0
0,Cod,39900,9.078593021970585
1,Cod,39900,15.432018556359454
0,Saithe,39900,0.21152844618095118
1,Saithe,39900,0.3688807173386892
