"obs_type","species_idx","gear_idx","t_start","t_end","value","cv","value_true","true_cv","true_sd_log","noise_seed","replicate_id"
"catch_gear",0,4,0,1,1919539107.52253,0.4,3804537766.58858,0.4,0.385253170159927,202609071,1
"catch_gear",1,4,0,1,56813730708.1522,0.4,79548451912.2367,0.4,0.385253170159927,202609071,1
"catch_gear",2,4,0,1,4478695262.90268,0.4,4835527343.28758,0.4,0.385253170159927,202609071,1
"catch_gear",3,1,0,1,297581028019.851,0.4,295979580265.977,0.4,0.385253170159927,202609071,1
"catch_gear",3,4,0,1,32155634912.4134,0.4,28031130788.1839,0.4,0.385253170159927,202609071,1
"catch_gear",4,2,0,1,3896618873.44762,0.4,3678604007.67493,0.4,0.385253170159927,202609071,1
"catch_gear",4,4,0,1,54741078.5797784,0.4,165666836.291497,0.4,0.385253170159927,202609071,1
"catch_gear",5,3,0,1,286117645602.34,0.4,189048998041.071,0.4,0.385253170159927,202609071,1
"catch_gear",5,4,0,1,1819844165.43025,0.4,2185696747.59674,0.4,0.385253170159927,202609071,1
"catch_gear",6,2,0,1,48764624662.2776,0.4,34948011559.9424,0.4,0.385253170159927,202609071,1
"catch_gear",6,4,0,1,4897939820.19473,0.4,2539848288.28959,0.4,0.385253170159927,202609071,1
"catch_gear",7,3,0,1,15754404175.8624,0.4,16960811405.6777,0.4,0.385253170159927,202609071,1
"catch_gear",7,4,0,1,627940569.001948,0.4,344884606.985858,0.4,0.385253170159927,202609071,1
"catch_gear",8,2,0,1,147633520762.184,0.4,160135125459.613,0.4,0.385253170159927,202609071,1
"catch_gear",8,4,0,1,10085704351.8372,0.4,15252650157.5116,0.4,0.385253170159927,202609071,1
"catch_gear",9,3,0,1,303575003110.502,0.4,270418449709.745,0.4,0.385253170159927,202609071,1
"catch_gear",9,4,0,1,4178372196.05598,0.4,5849092424.66364,0.4,0.385253170159927,202609071,1
"catch_gear",10,3,0,1,540711516454.916,0.4,759058874301.16,0.4,0.385253170159927,202609071,1
"catch_gear",10,4,0,1,6174238330.22368,0.4,6499094110.0871,0.4,0.385253170159927,202609071,1
"catch_gear",11,3,0,1,593848115124.146,0.4,476676086551.878,0.4,0.385253170159927,202609071,1
"catch_gear",11,4,0,1,8696651928.31443,0.4,6754052203.08765,0.4,0.385253170159927,202609071,1
"catch_gear",0,4,1,2,2023609304.76861,0.4,4037787282.45253,0.4,0.385253170159927,202609071,1
"catch_gear",1,4,1,2,85332262100.3477,0.4,81644855600.2358,0.4,0.385253170159927,202609071,1
"catch_gear",2,4,1,2,8374098391.77425,0.4,5254112027.22071,0.4,0.385253170159927,202609071,1
"catch_gear",3,1,1,2,437256588831.029,0.4,537374126141.732,0.4,0.385253170159927,202609071,1
"catch_gear",3,4,1,2,58021105974.7712,0.4,38981095382.1606,0.4,0.385253170159927,202609071,1
"catch_gear",4,2,1,2,2233413963.25488,0.4,4466214269.00804,0.4,0.385253170159927,202609071,1
"catch_gear",4,4,1,2,227535344.865583,0.4,195443246.921222,0.4,0.385253170159927,202609071,1
"catch_gear",5,3,1,2,116368533692.278,0.4,117279706862.025,0.4,0.385253170159927,202609071,1
"catch_gear",5,4,1,2,1361650859.07959,0.4,1727306136.61169,0.4,0.385253170159927,202609071,1
"catch_gear",6,2,1,2,45677428455.9568,0.4,42547383996.957,0.4,0.385253170159927,202609071,1
"catch_gear",6,4,1,2,2238372900.07669,0.4,2942861862.07702,0.4,0.385253170159927,202609071,1
"catch_gear",7,3,1,2,10443675673.65,0.4,11102727033.2071,0.4,0.385253170159927,202609071,1
"catch_gear",7,4,1,2,407070342.227514,0.4,305138642.134816,0.4,0.385253170159927,202609071,1
"catch_gear",8,2,1,2,144712225701.789,0.4,215567277185.065,0.4,0.385253170159927,202609071,1
"catch_gear",8,4,1,2,13359075965.0174,0.4,18769860778.9605,0.4,0.385253170159927,202609071,1
"catch_gear",9,3,1,2,404203793675.181,0.4,225023562187.011,0.4,0.385253170159927,202609071,1
"catch_gear",9,4,1,2,2798607175.94631,0.4,6508449450.31973,0.4,0.385253170159927,202609071,1
"catch_gear",10,3,1,2,501107494128.196,0.4,260679419743.4,0.4,0.385253170159927,202609071,1
"catch_gear",10,4,1,2,8594156358.52559,0.4,4241813417.39611,0.4,0.385253170159927,202609071,1
"catch_gear",11,3,1,2,292653528494.983,0.4,206438903726.769,0.4,0.385253170159927,202609071,1
"catch_gear",11,4,1,2,4217331546.8277,0.4,7276283584.17825,0.4,0.385253170159927,202609071,1
"catch_gear",0,4,2,3,5549341084.87349,0.4,3431033374.56156,0.4,0.385253170159927,202609071,1
"catch_gear",1,4,2,3,69612013568.973,0.4,78428471742.0225,0.4,0.385253170159927,202609071,1
"catch_gear",2,4,2,3,4946428984.72833,0.4,3879491752.20606,0.4,0.385253170159927,202609071,1
"catch_gear",3,1,2,3,609653101729.279,0.4,695792049910.69,0.4,0.385253170159927,202609071,1
"catch_gear",3,4,2,3,32462245745.5759,0.4,38597069806.0464,0.4,0.385253170159927,202609071,1
"catch_gear",4,2,2,3,4878669795.1981,0.4,4374163481.02342,0.4,0.385253170159927,202609071,1
"catch_gear",4,4,2,3,213234532.048861,0.4,186957222.95369,0.4,0.385253170159927,202609071,1
"catch_gear",5,3,2,3,57668416737.2695,0.4,87454243061.4364,0.4,0.385253170159927,202609071,1
"catch_gear",5,4,2,3,1068096789.73968,0.4,1279424502.40731,0.4,0.385253170159927,202609071,1
"catch_gear",6,2,2,3,33482802388.1523,0.4,50726621422.691,0.4,0.385253170159927,202609071,1
"catch_gear",6,4,2,3,3737084071.13195,0.4,3118582646.50119,0.4,0.385253170159927,202609071,1
"catch_gear",7,3,2,3,5225106793.44159,0.4,8173479050.31573,0.4,0.385253170159927,202609071,1
"catch_gear",7,4,2,3,137390662.57545,0.4,194383636.30998,0.4,0.385253170159927,202609071,1
"catch_gear",8,2,2,3,455411754628.077,0.4,280898097791.758,0.4,0.385253170159927,202609071,1
"catch_gear",8,4,2,3,30741622577.4123,0.4,20319982532.2649,0.4,0.385253170159927,202609071,1
"catch_gear",9,3,2,3,178241959325.239,0.4,259774534189.707,0.4,0.385253170159927,202609071,1
"catch_gear",9,4,2,3,3396120411.54151,0.4,5070311308.51185,0.4,0.385253170159927,202609071,1
"catch_gear",10,3,2,3,286387736984.07,0.4,344623370207.316,0.4,0.385253170159927,202609071,1
"catch_gear",10,4,2,3,4376144076.73296,0.4,5107710946.66522,0.4,0.385253170159927,202609071,1
"catch_gear",11,3,2,3,357601276896.5,0.4,318299394950.91,0.4,0.385253170159927,202609071,1
"catch_gear",11,4,2,3,7701516349.62413,0.4,9120389534.96266,0.4,0.385253170159927,202609071,1
"catch_gear",0,4,3,4,3149112672.86088,0.4,2826247887.40404,0.4,0.385253170159927,202609071,1
"catch_gear",1,4,3,4,94548737511.2743,0.4,74117865307.0511,0.4,0.385253170159927,202609071,1
"catch_gear",2,4,3,4,4887117747.19486,0.4,3813836266.73413,0.4,0.385253170159927,202609071,1
"catch_gear",3,1,3,4,975286287924.408,0.4,616216044964.737,0.4,0.385253170159927,202609071,1
"catch_gear",3,4,3,4,35826090950.7743,0.4,33344320831.9276,0.4,0.385253170159927,202609071,1
"catch_gear",4,2,3,4,5954431219.70093,0.4,4102368946.04983,0.4,0.385253170159927,202609071,1
"catch_gear",4,4,3,4,150733569.112885,0.4,177121007.572431,0.4,0.385253170159927,202609071,1
"catch_gear",5,3,3,4,43790281135.1321,0.4,77261795863.6422,0.4,0.385253170159927,202609071,1
"catch_gear",5,4,3,4,937374136.05396,0.4,1423025067.8837,0.4,0.385253170159927,202609071,1
"catch_gear",6,2,3,4,57164981260.8483,0.4,54459351455.6449,0.4,0.385253170159927,202609071,1
"catch_gear",6,4,3,4,2618651972.69214,0.4,3013603013.79855,0.4,0.385253170159927,202609071,1
"catch_gear",7,3,3,4,4496122197.40278,0.4,4710392677.42249,0.4,0.385253170159927,202609071,1
"catch_gear",7,4,3,4,251160264.657378,0.4,125080945.814543,0.4,0.385253170159927,202609071,1
"catch_gear",8,2,3,4,607298069896.65,0.4,328698499377.883,0.4,0.385253170159927,202609071,1
"catch_gear",8,4,3,4,20697349970.1172,0.4,20137401695.8155,0.4,0.385253170159927,202609071,1
"catch_gear",9,3,3,4,138095523331.221,0.4,163101427197.774,0.4,0.385253170159927,202609071,1
"catch_gear",9,4,3,4,3020144675.85006,0.4,3557795320.57122,0.4,0.385253170159927,202609071,1
"catch_gear",10,3,3,4,552800072275.153,0.4,343250147458.234,0.4,0.385253170159927,202609071,1
"catch_gear",10,4,3,4,2167846845.59539,0.4,4612708590.34196,0.4,0.385253170159927,202609071,1
"catch_gear",11,3,3,4,358696786355.962,0.4,439808374495.383,0.4,0.385253170159927,202609071,1
"catch_gear",11,4,3,4,5782965611.33132,0.4,8860555718.34027,0.4,0.385253170159927,202609071,1
"catch_gear",0,4,4,5,1354728566.37044,0.4,2703160152.0768,0.4,0.385253170159927,202609071,1
"catch_gear",1,4,4,5,43118627946.5554,0.4,73198918090.7802,0.4,0.385253170159927,202609071,1
"catch_gear",2,4,4,5,4651265886.2501,0.4,4717680961.59637,0.4,0.385253170159927,202609071,1
"catch_gear",3,1,4,5,288977380804.478,0.4,539069094652.75,0.4,0.385253170159927,202609071,1
"catch_gear",3,4,4,5,44781219831.9185,0.4,33849824336.6875,0.4,0.385253170159927,202609071,1
"catch_gear",4,2,4,5,5025197244.64322,0.4,4183897715.50311,0.4,0.385253170159927,202609071,1
"catch_gear",4,4,4,5,143967014.282427,0.4,181235385.31238,0.4,0.385253170159927,202609071,1
"catch_gear",5,3,4,5,108625059103.94,0.4,108329470052.83,0.4,0.385253170159927,202609071,1
"catch_gear",5,4,4,5,2549262544.21587,0.4,1826886434.58095,0.4,0.385253170159927,202609071,1
"catch_gear",6,2,4,5,50843919888.2344,0.4,52626380525.035,0.4,0.385253170159927,202609071,1
"catch_gear",6,4,4,5,3144309529.99413,0.4,2858464623.58911,0.4,0.385253170159927,202609071,1
"catch_gear",7,3,4,5,3320323227.50407,0.4,4060073516.16551,0.4,0.385253170159927,202609071,1
"catch_gear",7,4,4,5,172221234.489618,0.4,136420121.648876,0.4,0.385253170159927,202609071,1
"catch_gear",8,2,4,5,345162735359.732,0.4,340179539631.929,0.4,0.385253170159927,202609071,1
"catch_gear",8,4,4,5,24667057045.5359,0.4,20444369539.9449,0.4,0.385253170159927,202609071,1
"catch_gear",9,3,4,5,160688335090.241,0.4,115951640145.691,0.4,0.385253170159927,202609071,1
"catch_gear",9,4,4,5,6726154584.50173,0.4,4500339147.20826,0.4,0.385253170159927,202609071,1
"catch_gear",10,3,4,5,254557015343.549,0.4,300360755258.783,0.4,0.385253170159927,202609071,1
"catch_gear",10,4,4,5,4177199338.81988,0.4,4417024872.05736,0.4,0.385253170159927,202609071,1
"catch_gear",11,3,4,5,405740235211.651,0.4,405353883173.83,0.4,0.385253170159927,202609071,1
"catch_gear",11,4,4,5,3716705531.9568,0.4,6524346754.50097,0.4,0.385253170159927,202609071,1
"catch_gear",0,4,5,6,3153666045.0124,0.4,2602788249.8218,0.4,0.385253170159927,202609071,1
"catch_gear",1,4,5,6,73196380763.5646,0.4,73834181730.2393,0.4,0.385253170159927,202609071,1
"catch_gear",2,4,5,6,3229785567.47705,0.4,5161813092.5443,0.4,0.385253170159927,202609071,1
"catch_gear",3,1,5,6,511004447191.279,0.4,594243286656.439,0.4,0.385253170159927,202609071,1
"catch_gear",3,4,5,6,37578744431.3773,0.4,37533561715.9411,0.4,0.385253170159927,202609071,1
"catch_gear",4,2,5,6,8733002988.71458,0.4,4158107784.03764,0.4,0.385253170159927,202609071,1
"catch_gear",4,4,5,6,262084455.959086,0.4,178391793.562402,0.4,0.385253170159927,202609071,1
"catch_gear",5,3,5,6,103984982006.124,0.4,116261379524.142,0.4,0.385253170159927,202609071,1
"catch_gear",5,4,5,6,1722787936.7683,0.4,1714286887.30051,0.4,0.385253170159927,202609071,1
"catch_gear",6,2,5,6,68784762403.0101,0.4,49103977283.2122,0.4,0.385253170159927,202609071,1
"catch_gear",6,4,5,6,2521566343.52843,0.4,2724973764.94889,0.4,0.385253170159927,202609071,1
"catch_gear",7,3,5,6,3759802350.40129,0.4,4761515547.17292,0.4,0.385253170159927,202609071,1
"catch_gear",7,4,5,6,309216571.245471,0.4,134435770.223453,0.4,0.385253170159927,202609071,1
"catch_gear",8,2,5,6,399020602803.133,0.4,332247269137.531,0.4,0.385253170159927,202609071,1
"catch_gear",8,4,5,6,18997843509.2093,0.4,21524154049.8291,0.4,0.385253170159927,202609071,1
"catch_gear",9,3,5,6,146240414940.139,0.4,186218339162.788,0.4,0.385253170159927,202609071,1
"catch_gear",9,4,5,6,3024570096.51421,0.4,6085419429.78802,0.4,0.385253170159927,202609071,1
"catch_gear",10,3,5,6,284720505314.549,0.4,327336849044.736,0.4,0.385253170159927,202609071,1
"catch_gear",10,4,5,6,5308696453.01303,0.4,4982834913.30289,0.4,0.385253170159927,202609071,1
"catch_gear",11,3,5,6,237640140948.714,0.4,234381235793.778,0.4,0.385253170159927,202609071,1
"catch_gear",11,4,5,6,4129820457.04309,0.4,5653080206.25178,0.4,0.385253170159927,202609071,1
"catch_gear",0,4,6,7,1970136757.11141,0.4,2277799868.43383,0.4,0.385253170159927,202609071,1
"catch_gear",1,4,6,7,77158850089.561,0.4,72348433532.6028,0.4,0.385253170159927,202609071,1
"catch_gear",2,4,6,7,7041513664.56622,0.4,4494637580.49768,0.4,0.385253170159927,202609071,1
"catch_gear",3,1,6,7,390172586170.54,0.4,659836151531.778,0.4,0.385253170159927,202609071,1
"catch_gear",3,4,6,7,49975057671.6711,0.4,36951039937.0207,0.4,0.385253170159927,202609071,1
"catch_gear",4,2,6,7,3283864522.47743,0.4,3832153947.68546,0.4,0.385253170159927,202609071,1
"catch_gear",4,4,6,7,195891526.401259,0.4,163871233.955397,0.4,0.385253170159927,202609071,1
"catch_gear",5,3,6,7,90292896893.3853,0.4,91324532183.607,0.4,0.385253170159927,202609071,1
"catch_gear",5,4,6,7,1236441839.98414,0.4,1357556893.32793,0.4,0.385253170159927,202609071,1
"catch_gear",6,2,6,7,72489496750.5817,0.4,46277474283.8789,0.4,0.385253170159927,202609071,1
"catch_gear",6,4,6,7,2144203543.70879,0.4,2566334695.12979,0.4,0.385253170159927,202609071,1
"catch_gear",7,3,6,7,4457433010.3433,0.4,3747441146.387,0.4,0.385253170159927,202609071,1
"catch_gear",7,4,6,7,60041453.281047,0.4,82744100.8727239,0.4,0.385253170159927,202609071,1
"catch_gear",8,2,6,7,623758442896.576,0.4,334900401014.46,0.4,0.385253170159927,202609071,1
"catch_gear",8,4,6,7,13892675304.2619,0.4,22059408768.3657,0.4,0.385253170159927,202609071,1
"catch_gear",9,3,6,7,287729017732.651,0.4,257166977748.744,0.4,0.385253170159927,202609071,1
"catch_gear",9,4,6,7,8859778939.97496,0.4,5590282135.15961,0.4,0.385253170159927,202609071,1
"catch_gear",10,3,6,7,285598529386.774,0.4,363623158094.448,0.4,0.385253170159927,202609071,1
"catch_gear",10,4,6,7,9365856802.64912,0.4,5212942650.16193,0.4,0.385253170159927,202609071,1
"catch_gear",11,3,6,7,484948106807.889,0.4,199932901646.921,0.4,0.385253170159927,202609071,1
"catch_gear",11,4,6,7,5206543920.6891,0.4,7329527682.23462,0.4,0.385253170159927,202609071,1
"catch_gear",0,4,7,8,1280203992.27651,0.4,2028074380.27927,0.4,0.385253170159927,202609071,1
"catch_gear",1,4,7,8,115543732028.784,0.4,69235233320.249,0.4,0.385253170159927,202609071,1
"catch_gear",2,4,7,8,2656731537.61604,0.4,3802857952.13531,0.4,0.385253170159927,202609071,1
"catch_gear",3,1,7,8,480002376685.771,0.4,607004202732.824,0.4,0.385253170159927,202609071,1
"catch_gear",3,4,7,8,26404989086.5744,0.4,32563180628.2008,0.4,0.385253170159927,202609071,1
"catch_gear",4,2,7,8,3373343487.08618,0.4,3543833701.22572,0.4,0.385253170159927,202609071,1
"catch_gear",4,4,7,8,199791361.606216,0.4,153091503.981448,0.4,0.385253170159927,202609071,1
"catch_gear",5,3,7,8,73549707320.4398,0.4,77383081163.3933,0.4,0.385253170159927,202609071,1
"catch_gear",5,4,7,8,895043148.870652,0.4,1320296017.45941,0.4,0.385253170159927,202609071,1
"catch_gear",6,2,7,8,82455790075.7703,0.4,43617598324.1457,0.4,0.385253170159927,202609071,1
"catch_gear",6,4,7,8,2237093797.97724,0.4,2400352961.26854,0.4,0.385253170159927,202609071,1
"catch_gear",7,3,7,8,1455756398.7833,0.4,1954693422.81847,0.4,0.385253170159927,202609071,1
"catch_gear",7,4,7,8,89916658.4765893,0.4,47286302.8473897,0.4,0.385253170159927,202609071,1
"catch_gear",8,2,7,8,258650259791.515,0.4,348562672450.931,0.4,0.385253170159927,202609071,1
"catch_gear",8,4,7,8,21857822916.7345,0.4,21862415125.4623,0.4,0.385253170159927,202609071,1
"catch_gear",9,3,7,8,141896343940.024,0.4,199493468388.352,0.4,0.385253170159927,202609071,1
"catch_gear",9,4,7,8,3812555015.14037,0.4,3889552769.44988,0.4,0.385253170159927,202609071,1
"catch_gear",10,3,7,8,371279407971.522,0.4,346980717946.276,0.4,0.385253170159927,202609071,1
"catch_gear",10,4,7,8,7633390679.24622,0.4,4760035284.2532,0.4,0.385253170159927,202609071,1
"catch_gear",11,3,7,8,538818608574.552,0.4,321313756935.505,0.4,0.385253170159927,202609071,1
"catch_gear",11,4,7,8,11012267145.2899,0.4,9099606872.62677,0.4,0.385253170159927,202609071,1
"catch_gear",0,4,8,9,2344941303.35646,0.4,2071837231.77131,0.4,0.385253170159927,202609071,1
"catch_gear",1,4,8,9,64993245027.8378,0.4,67689880344.2584,0.4,0.385253170159927,202609071,1
"catch_gear",2,4,8,9,4096675635.72211,0.4,3985828747.89248,0.4,0.385253170159927,202609071,1
"catch_gear",3,1,8,9,1212088784093.88,0.4,512222793721.363,0.4,0.385253170159927,202609071,1
"catch_gear",3,4,8,9,21567689425.1088,0.4,30461051430.276,0.4,0.385253170159927,202609071,1
"catch_gear",4,2,8,9,3643272511.93399,0.4,3549246954.62458,0.4,0.385253170159927,202609071,1
"catch_gear",4,4,8,9,161913880.111784,0.4,154823002.759888,0.4,0.385253170159927,202609071,1
"catch_gear",5,3,8,9,99292736153.5912,0.4,90571771400.9351,0.4,0.385253170159927,202609071,1
"catch_gear",5,4,8,9,1642976104.47487,0.4,1601144186.84871,0.4,0.385253170159927,202609071,1
"catch_gear",6,2,8,9,46780407233.2765,0.4,40888683009.2026,0.4,0.385253170159927,202609071,1
"catch_gear",6,4,8,9,1678906569.20942,0.4,2306493257.94473,0.4,0.385253170159927,202609071,1
"catch_gear",7,3,8,9,2446792523.96753,0.4,1378571826.02774,0.4,0.385253170159927,202609071,1
"catch_gear",7,4,8,9,39055214.6889621,0.4,49236995.8568012,0.4,0.385253170159927,202609071,1
"catch_gear",8,2,8,9,294747774106.364,0.4,353270159898.84,0.4,0.385253170159927,202609071,1
"catch_gear",8,4,8,9,46994148777.2832,0.4,21936953755.7118,0.4,0.385253170159927,202609071,1
"catch_gear",9,3,8,9,214909356216.027,0.4,120255038142.407,0.4,0.385253170159927,202609071,1
"catch_gear",9,4,8,9,7223399423.13932,0.4,3608769734.90993,0.4,0.385253170159927,202609071,1
"catch_gear",10,3,8,9,168528919357.456,0.4,306944380196.594,0.4,0.385253170159927,202609071,1
"catch_gear",10,4,8,9,3964344731.5085,0.4,4323803198.44271,0.4,0.385253170159927,202609071,1
"catch_gear",11,3,8,9,834463798988.627,0.4,450477167985.496,0.4,0.385253170159927,202609071,1
"catch_gear",11,4,8,9,10266869516.5201,0.4,8374852898.64234,0.4,0.385253170159927,202609071,1
"catch_gear",0,4,9,10,2180627954.63119,0.4,2242324421.48356,0.4,0.385253170159927,202609071,1
"catch_gear",1,4,9,10,153342199750.422,0.4,69104468681.4087,0.4,0.385253170159927,202609071,1
"catch_gear",2,4,9,10,8466574751.98699,0.4,4850929535.09394,0.4,0.385253170159927,202609071,1
"catch_gear",3,1,9,10,513202586507.877,0.4,505416617772.395,0.4,0.385253170159927,202609071,1
"catch_gear",3,4,9,10,17557001493.8559,0.4,33479387928.3012,0.4,0.385253170159927,202609071,1
"catch_gear",4,2,9,10,3724973861.97826,0.4,3711792807.91185,0.4,0.385253170159927,202609071,1
"catch_gear",4,4,9,10,150208977.739619,0.4,161153862.895037,0.4,0.385253170159927,202609071,1
"catch_gear",5,3,9,10,107236862269.192,0.4,111205206902.384,0.4,0.385253170159927,202609071,1
"catch_gear",5,4,9,10,1645796663.25647,0.4,1792256586.775,0.4,0.385253170159927,202609071,1
"catch_gear",6,2,9,10,69702806914.9477,0.4,39312089333.9844,0.4,0.385253170159927,202609071,1
"catch_gear",6,4,9,10,2438853768.59705,0.4,2311831043.54126,0.4,0.385253170159927,202609071,1
"catch_gear",7,3,9,10,3922545758.36559,0.4,1792207483.68495,0.4,0.385253170159927,202609071,1
"catch_gear",7,4,9,10,52826406.8518548,0.4,59962269.1720451,0.4,0.385253170159927,202609071,1
"catch_gear",8,2,9,10,314861457676.442,0.4,351038962811.58,0.4,0.385253170159927,202609071,1
"catch_gear",8,4,9,10,17018657758.3093,0.4,22927599821.0157,0.4,0.385253170159927,202609071,1
"catch_gear",9,3,9,10,105223717061.02,0.4,128446599006.375,0.4,0.385253170159927,202609071,1
"catch_gear",9,4,9,10,8168037014.88541,0.4,5067529368.61574,0.4,0.385253170159927,202609071,1
"catch_gear",10,3,9,10,433798136220.02,0.4,298898146582.671,0.4,0.385253170159927,202609071,1
"catch_gear",10,4,9,10,6277556997.48535,0.4,4492825657.49833,0.4,0.385253170159927,202609071,1
"catch_gear",11,3,9,10,565328964213.849,0.4,361545583546.809,0.4,0.385253170159927,202609071,1
"catch_gear",11,4,9,10,7770794043.83494,0.4,5958130388.13889,0.4,0.385253170159927,202609071,1
"catch_gear",0,4,10,11,2472961123.10405,0.4,2185290492.23779,0.4,0.385253170159927,202609071,1
"catch_gear",1,4,10,11,36412592437.029,0.4,70504583395.8911,0.4,0.385253170159927,202609071,1
"catch_gear",2,4,10,11,3098870774.24567,0.4,5068355319.88467,0.4,0.385253170159927,202609071,1
"catch_gear",3,1,10,11,443973006250.388,0.4,596388611820.335,0.4,0.385253170159927,202609071,1
"catch_gear",3,4,10,11,45421440688.259,0.4,36994529518.8148,0.4,0.385253170159927,202609071,1
"catch_gear",4,2,10,11,2634503382.54532,0.4,3677609951.2444,0.4,0.385253170159927,202609071,1
"catch_gear",4,4,10,11,124292823.5591,0.4,157908416.623693,0.4,0.385253170159927,202609071,1
"catch_gear",5,3,10,11,168971846155.693,0.4,107392322151.454,0.4,0.385253170159927,202609071,1
"catch_gear",5,4,10,11,1187442159.23955,0.4,1592258289.22292,0.4,0.385253170159927,202609071,1
"catch_gear",6,2,10,11,45907211229.4717,0.4,39422167062.9212,0.4,0.385253170159927,202609071,1
"catch_gear",6,4,10,11,4247564089.28727,0.4,2331001123.21114,0.4,0.385253170159927,202609071,1
"catch_gear",7,3,10,11,2257280376.97779,0.4,1941416300.44623,0.4,0.385253170159927,202609071,1
"catch_gear",7,4,10,11,50738685.6533113,0.4,48028959.15039,0.4,0.385253170159927,202609071,1
"catch_gear",8,2,10,11,460022880375.236,0.4,358199560342.482,0.4,0.385253170159927,202609071,1
"catch_gear",8,4,10,11,31906153611.4477,0.4,23800616779.0922,0.4,0.385253170159927,202609071,1
"catch_gear",9,3,10,11,385305834465.168,0.4,215564265984.777,0.4,0.385253170159927,202609071,1
"catch_gear",9,4,10,11,7152031934.61914,0.4,6213134227.66703,0.4,0.385253170159927,202609071,1
"catch_gear",10,3,10,11,457458547358.245,0.4,333436178829.222,0.4,0.385253170159927,202609071,1
"catch_gear",10,4,10,11,8370229787.82818,0.4,5038960647.00469,0.4,0.385253170159927,202609071,1
"catch_gear",11,3,10,11,207571687228.98,0.4,203010927237.127,0.4,0.385253170159927,202609071,1
"catch_gear",11,4,10,11,4686874621.88503,0.4,5801993249.60893,0.4,0.385253170159927,202609071,1
"catch_gear",0,4,11,12,2045658640.58735,0.4,1917908004.60747,0.4,0.385253170159927,202609071,1
"catch_gear",1,4,11,12,64597563572.3778,0.4,69020607873.8417,0.4,0.385253170159927,202609071,1
"catch_gear",2,4,11,12,4097698126.37825,0.4,4285553787.44367,0.4,0.385253170159927,202609071,1
"catch_gear",3,1,11,12,219931531945.619,0.4,642958355075.216,0.4,0.385253170159927,202609071,1
"catch_gear",3,4,11,12,54086490632.4912,0.4,35186402854.8934,0.4,0.385253170159927,202609071,1
"catch_gear",4,2,11,12,4454057083.09743,0.4,3415832361.34987,0.4,0.385253170159927,202609071,1
"catch_gear",4,4,11,12,112630461.19007,0.4,146587057.687499,0.4,0.385253170159927,202609071,1
"catch_gear",5,3,11,12,125199127554.75,0.4,84756027365.9182,0.4,0.385253170159927,202609071,1
"catch_gear",5,4,11,12,864462949.972155,0.4,1308882847.69866,0.4,0.385253170159927,202609071,1
"catch_gear",6,2,11,12,30891829238.0492,0.4,39917959242.4378,0.4,0.385253170159927,202609071,1
"catch_gear",6,4,11,12,2150054484.93199,0.4,2279269795.61505,0.4,0.385253170159927,202609071,1
"catch_gear",7,3,11,12,2647361990.46632,0.4,1235526416.29338,0.4,0.385253170159927,202609071,1
"catch_gear",7,4,11,12,12456255.4367818,0.4,26146000.518181,0.4,0.385253170159927,202609071,1
"catch_gear",8,2,11,12,594791363799.998,0.4,374787582839.996,0.4,0.385253170159927,202609071,1
"catch_gear",8,4,11,12,17688747873.785,0.4,23429086435.9875,0.4,0.385253170159927,202609071,1
"catch_gear",9,3,11,12,255275620378.35,0.4,255576280901.173,0.4,0.385253170159927,202609071,1
"catch_gear",9,4,11,12,4790591402.29952,0.4,5157904267.68204,0.4,0.385253170159927,202609071,1
"catch_gear",10,3,11,12,503885072050.771,0.4,360143197534.144,0.4,0.385253170159927,202609071,1
"catch_gear",10,4,11,12,3725458188.80319,0.4,5137797532.21576,0.4,0.385253170159927,202609071,1
"catch_gear",11,3,11,12,249158150703.186,0.4,208405164644.475,0.4,0.385253170159927,202609071,1
"catch_gear",11,4,11,12,10610559612.5206,0.4,7795891118.79707,0.4,0.385253170159927,202609071,1
"catch_gear",0,4,12,13,1946212591.97434,0.4,1790094840.82692,0.4,0.385253170159927,202609071,1
"catch_gear",1,4,12,13,131730990549.456,0.4,66277564870.0434,0.4,0.385253170159927,202609071,1
"catch_gear",2,4,12,13,4370112250.6599,0.4,3712247817.94475,0.4,0.385253170159927,202609071,1
"catch_gear",3,1,12,13,705725967578.66,0.4,567099789905.102,0.4,0.385253170159927,202609071,1
"catch_gear",3,4,12,13,55690323218.7639,0.4,30723233841.5126,0.4,0.385253170159927,202609071,1
"catch_gear",4,2,12,13,1422286302.40234,0.4,3262062981.21627,0.4,0.385253170159927,202609071,1
"catch_gear",4,4,12,13,213382135.675915,0.4,141766880.298786,0.4,0.385253170159927,202609071,1
"catch_gear",5,3,12,13,71397359838.8833,0.4,78326716639.551,0.4,0.385253170159927,202609071,1
"catch_gear",5,4,12,13,2739014466.04585,0.4,1373395000.19107,0.4,0.385253170159927,202609071,1
"catch_gear",6,2,12,13,30830444883.095,0.4,39117420834.0797,0.4,0.385253170159927,202609071,1
"catch_gear",6,4,12,13,1159873089.81284,0.4,2193033585.40568,0.4,0.385253170159927,202609071,1
"catch_gear",7,3,12,13,970259441.274111,0.4,637840686.573396,0.4,0.385253170159927,202609071,1
"catch_gear",7,4,12,13,15691887.8732093,0.4,18073486.9924266,0.4,0.385253170159927,202609071,1
"catch_gear",8,2,12,13,540972337952.615,0.4,380459378539.256,0.4,0.385253170159927,202609071,1
"catch_gear",8,4,12,13,23869477635.3765,0.4,22437544988.0693,0.4,0.385253170159927,202609071,1
"catch_gear",9,3,12,13,381000429149.283,0.4,175222942516.677,0.4,0.385253170159927,202609071,1
"catch_gear",9,4,12,13,2788383574.92803,0.4,3572313884.19517,0.4,0.385253170159927,202609071,1
"catch_gear",10,3,12,13,289623523748.737,0.4,338121669603.765,0.4,0.385253170159927,202609071,1
"catch_gear",10,4,12,13,6969676897.57842,0.4,4652137785.32611,0.4,0.385253170159927,202609071,1
"catch_gear",11,3,12,13,452367186943.645,0.4,351453198372.336,0.4,0.385253170159927,202609071,1
"catch_gear",11,4,12,13,10594674455.5188,0.4,9320197653.86765,0.4,0.385253170159927,202609071,1
"catch_gear",0,4,13,14,1845857326.47807,0.4,1955569849.35482,0.4,0.385253170159927,202609071,1
"catch_gear",1,4,13,14,60480567732.025,0.4,65714861554.0103,0.4,0.385253170159927,202609071,1
"catch_gear",2,4,13,14,2606656961.93377,0.4,4079311083.79959,0.4,0.385253170159927,202609071,1
"catch_gear",3,1,13,14,543321983258.161,0.4,480819166967.388,0.4,0.385253170159927,202609071,1
"catch_gear",3,4,13,14,42772782834.2398,0.4,29737719659.3571,0.4,0.385253170159927,202609071,1
"catch_gear",4,2,13,14,2514459745.72126,0.4,3388642178.50021,0.4,0.385253170159927,202609071,1
"catch_gear",4,4,13,14,149648759.895447,0.4,148387325.114041,0.4,0.385253170159927,202609071,1
"catch_gear",5,3,13,14,85222696442.9011,0.4,95919247491.9691,0.4,0.385253170159927,202609071,1
"catch_gear",5,4,13,14,2437080210.29352,0.4,1674301503.12722,0.4,0.385253170159927,202609071,1
"catch_gear",6,2,13,14,19640646820.0032,0.4,37528239275.6882,0.4,0.385253170159927,202609071,1
"catch_gear",6,4,13,14,1363657730.44755,0.4,2170598734.43201,0.4,0.385253170159927,202609071,1
"catch_gear",7,3,13,14,589577132.232308,0.4,581355378.837781,0.4,0.385253170159927,202609071,1
"catch_gear",7,4,13,14,15729106.9834749,0.4,21915170.3711153,0.4,0.385253170159927,202609071,1
"catch_gear",8,2,13,14,771912007168.928,0.4,366468955554.003,0.4,0.385253170159927,202609071,1
"catch_gear",8,4,13,14,15137714945.1025,0.4,22307475561.5169,0.4,0.385253170159927,202609071,1
"catch_gear",9,3,13,14,139435056512.582,0.4,109565247249.529,0.4,0.385253170159927,202609071,1
"catch_gear",9,4,13,14,3219200523.59199,0.4,3716207499.65227,0.4,0.385253170159927,202609071,1
"catch_gear",10,3,13,14,282724712673.979,0.4,301388864441.431,0.4,0.385253170159927,202609071,1
"catch_gear",10,4,13,14,4249842247.6093,0.4,4286886371.20195,0.4,0.385253170159927,202609071,1
"catch_gear",11,3,13,14,513309726198.444,0.4,458756542604.406,0.4,0.385253170159927,202609071,1
"catch_gear",11,4,13,14,6532011346.80207,0.4,7981659178.39813,0.4,0.385253170159927,202609071,1
"catch_gear",0,4,14,15,2794318568.36414,0.4,2174885006.56383,0.4,0.385253170159927,202609071,1
"catch_gear",1,4,14,15,76775134991.0964,0.4,68027660468.0768,0.4,0.385253170159927,202609071,1
"catch_gear",2,4,14,15,2968044014.53868,0.4,4989366883.59371,0.4,0.385253170159927,202609071,1
"catch_gear",3,1,14,15,453769125240.845,0.4,501661269294.168,0.4,0.385253170159927,202609071,1
"catch_gear",3,4,14,15,17323489884.1078,0.4,33852428031.9985,0.4,0.385253170159927,202609071,1
"catch_gear",4,2,14,15,8337500130.12497,0.4,3597869607.28026,0.4,0.385253170159927,202609071,1
"catch_gear",4,4,14,15,198077631.42843,0.4,156256079.809086,0.4,0.385253170159927,202609071,1
"catch_gear",5,3,14,15,99325139074.0382,0.4,114049909527.577,0.4,0.385253170159927,202609071,1
"catch_gear",5,4,14,15,2647210450.72806,0.4,1797559355.31395,0.4,0.385253170159927,202609071,1
"catch_gear",6,2,14,15,85400377468.2672,0.4,37033040153.1648,0.4,0.385253170159927,202609071,1
"catch_gear",6,4,14,15,1732321449.13094,0.4,2231760259.81753,0.4,0.385253170159927,202609071,1
"catch_gear",7,3,14,15,702797663.377717,0.4,789427889.18093,0.4,0.385253170159927,202609071,1
"catch_gear",7,4,14,15,23551450.8301737,0.4,24859343.4111866,0.4,0.385253170159927,202609071,1
"catch_gear",8,2,14,15,368679992020.433,0.4,353807222032.368,0.4,0.385253170159927,202609071,1
"catch_gear",8,4,14,15,19658244541.7778,0.4,23455707856.3661,0.4,0.385253170159927,202609071,1
"catch_gear",9,3,14,15,159049796664.105,0.4,137630090238.796,0.4,0.385253170159927,202609071,1
"catch_gear",9,4,14,15,5223269466.42029,0.4,5408305812.15598,0.4,0.385253170159927,202609071,1
"catch_gear",10,3,14,15,172678519690.817,0.4,300461732560.414,0.4,0.385253170159927,202609071,1
"catch_gear",10,4,14,15,4247073776.88821,0.4,4551115011.19483,0.4,0.385253170159927,202609071,1
"catch_gear",11,3,14,15,347879415041.167,0.4,327569687765.156,0.4,0.385253170159927,202609071,1
"catch_gear",11,4,14,15,7644565180.29349,0.4,5630173600.13006,0.4,0.385253170159927,202609071,1
"catch_gear",0,4,15,16,1278410248.89242,0.4,2095606858.94211,0.4,0.385253170159927,202609071,1
"catch_gear",1,4,15,16,58688124201.15,0.4,69501086832.762,0.4,0.385253170159927,202609071,1
"catch_gear",2,4,15,16,4477032498.99755,0.4,4987532348.68973,0.4,0.385253170159927,202609071,1
"catch_gear",3,1,15,16,714228716765.74,0.4,607612702413.123,0.4,0.385253170159927,202609071,1
"catch_gear",3,4,15,16,21930025486.229,0.4,37030084226.4155,0.4,0.385253170159927,202609071,1
"catch_gear",4,2,15,16,4348936059.51313,0.4,3544078265.61477,0.4,0.385253170159927,202609071,1
"catch_gear",4,4,15,16,90044637.7454019,0.4,152107806.99613,0.4,0.385253170159927,202609071,1
"catch_gear",5,3,15,16,99231947349.1374,0.4,103748016265.662,0.4,0.385253170159927,202609071,1
"catch_gear",5,4,15,16,2482483285.96754,0.4,1525484513.70195,0.4,0.385253170159927,202609071,1
"catch_gear",6,2,15,16,18083163516.2453,0.4,38096145439.8343,0.4,0.385253170159927,202609071,1
"catch_gear",6,4,15,16,1223832534.82759,0.4,2275491861.21932,0.4,0.385253170159927,202609071,1
"catch_gear",7,3,15,16,1126478850.64372,0.4,766478416.708282,0.4,0.385253170159927,202609071,1
"catch_gear",7,4,15,16,10733769.306746,0.4,17920910.1377684,0.4,0.385253170159927,202609071,1
"catch_gear",8,2,15,16,201813775843.822,0.4,361545740428.167,0.4,0.385253170159927,202609071,1
"catch_gear",8,4,15,16,19024898957.9313,0.4,24270863513.6746,0.4,0.385253170159927,202609071,1
"catch_gear",9,3,15,16,101425155347.532,0.4,233511383017.484,0.4,0.385253170159927,202609071,1
"catch_gear",9,4,15,16,6573778800.148,0.4,6271970212.41027,0.4,0.385253170159927,202609071,1
"catch_gear",10,3,15,16,453427423943.547,0.4,338608835641.606,0.4,0.385253170159927,202609071,1
"catch_gear",10,4,15,16,2678802727.38997,0.4,5089760168.65596,0.4,0.385253170159927,202609071,1
"catch_gear",11,3,15,16,247939276001.865,0.4,185226588520.206,0.4,0.385253170159927,202609071,1
"catch_gear",11,4,15,16,6392921018.65361,0.4,6028889937.96685,0.4,0.385253170159927,202609071,1
"catch_gear",0,4,16,17,2376404467.32794,0.4,1829571050.77865,0.4,0.385253170159927,202609071,1
"catch_gear",1,4,16,17,85845835867.4627,0.4,67792052872.5002,0.4,0.385253170159927,202609071,1
"catch_gear",2,4,16,17,2308091363.88238,0.4,4111907656.33248,0.4,0.385253170159927,202609071,1
"catch_gear",3,1,16,17,287390406197.596,0.4,637136827169.885,0.4,0.385253170159927,202609071,1
"catch_gear",3,4,16,17,18389926015.3678,0.4,34308167569.8751,0.4,0.385253170159927,202609071,1
"catch_gear",4,2,16,17,4433064023.90587,0.4,3289077052.26027,0.4,0.385253170159927,202609071,1
"catch_gear",4,4,16,17,163006584.219613,0.4,141418771.804276,0.4,0.385253170159927,202609071,1
"catch_gear",5,3,16,17,114727250786.119,0.4,80530943432.0815,0.4,0.385253170159927,202609071,1
"catch_gear",5,4,16,17,1184633062.93252,0.4,1272584280.01338,0.4,0.385253170159927,202609071,1
"catch_gear",6,2,16,17,44738664738.5455,0.4,39070510059.59,0.4,0.385253170159927,202609071,1
"catch_gear",6,4,16,17,5135954025.03408,0.4,2228985287.72612,0.4,0.385253170159927,202609071,1
"catch_gear",7,3,16,17,210822498.966402,0.4,445742473.235563,0.4,0.385253170159927,202609071,1
"catch_gear",7,4,16,17,15295525.1287091,0.4,9640107.21375482,0.4,0.385253170159927,202609071,1
"catch_gear",8,2,16,17,480565819584.244,0.4,381697272259.675,0.4,0.385253170159927,202609071,1
"catch_gear",8,4,16,17,23002793448.7331,0.4,23650833326.0191,0.4,0.385253170159927,202609071,1
"catch_gear",9,3,16,17,293139630207.175,0.4,251871882061.134,0.4,0.385253170159927,202609071,1
"catch_gear",9,4,16,17,5361376746.08736,0.4,4851785523.2433,0.4,0.385253170159927,202609071,1
"catch_gear",10,3,16,17,327865981314.927,0.4,358649085309.755,0.4,0.385253170159927,202609071,1
"catch_gear",10,4,16,17,7787984635.72266,0.4,5069172686.6382,0.4,0.385253170159927,202609071,1
"catch_gear",11,3,16,17,153462868997.603,0.4,221905601406.872,0.4,0.385253170159927,202609071,1
"catch_gear",11,4,16,17,5411903873.50389,0.4,8213509719.18257,0.4,0.385253170159927,202609071,1
"catch_gear",0,4,17,18,876060712.6045,0.4,1751566834.26986,0.4,0.385253170159927,202609071,1
"catch_gear",1,4,17,18,95975677130.2954,0.4,65262049999.3971,0.4,0.385253170159927,202609071,1
"catch_gear",2,4,17,18,3549823976.62841,0.4,3662202300.34245,0.4,0.385253170159927,202609071,1
"catch_gear",3,1,17,18,643073084034.032,0.4,545847465750.215,0.4,0.385253170159927,202609071,1
"catch_gear",3,4,17,18,52203648257.3358,0.4,29893802727.4115,0.4,0.385253170159927,202609071,1
"catch_gear",4,2,17,18,1346667568.88,0.4,3195795037.3731,0.4,0.385253170159927,202609071,1
"catch_gear",4,4,17,18,174730625.12151,0.4,139326060.165744,0.4,0.385253170159927,202609071,1
"catch_gear",5,3,17,18,95463909310.9543,0.4,78894949158.4996,0.4,0.385253170159927,202609071,1
"catch_gear",5,4,17,18,1200508151.07677,0.4,1409717503.17518,0.4,0.385253170159927,202609071,1
"catch_gear",6,2,17,18,50940066561.7527,0.4,38339892982.9753,0.4,0.385253170159927,202609071,1
"catch_gear",6,4,17,18,3131631468.86161,0.4,2153289236.71951,0.4,0.385253170159927,202609071,1
"catch_gear",7,3,17,18,150821645.242213,0.4,244157397.159956,0.4,0.385253170159927,202609071,1
"catch_gear",7,4,17,18,7816341.43507836,0.4,7585954.29843626,0.4,0.385253170159927,202609071,1
"catch_gear",8,2,17,18,251345439357.965,0.4,386005662488.369,0.4,0.385253170159927,202609071,1
"catch_gear",8,4,17,18,13991967032.3345,0.4,22532199229.773,0.4,0.385253170159927,202609071,1
"catch_gear",9,3,17,18,158007992557.217,0.4,158565178510.927,0.4,0.385253170159927,202609071,1
"catch_gear",9,4,17,18,3323519809.10268,0.4,3399743518.76248,0.4,0.385253170159927,202609071,1
"catch_gear",10,3,17,18,162412156378.716,0.4,329696776100.698,0.4,0.385253170159927,202609071,1
"catch_gear",10,4,17,18,5099012362.04888,0.4,4537669443.03791,0.4,0.385253170159927,202609071,1
"catch_gear",11,3,17,18,314921808289.117,0.4,380989856813.253,0.4,0.385253170159927,202609071,1
"catch_gear",11,4,17,18,5505204950.0027,0.4,9432333849.99716,0.4,0.385253170159927,202609071,1
"catch_gear",0,4,18,19,2145554257.95689,0.4,1964158751.8236,0.4,0.385253170159927,202609071,1
"catch_gear",1,4,18,19,114384187345.733,0.4,65357979860.4058,0.4,0.385253170159927,202609071,1
"catch_gear",2,4,18,19,4108298584.50731,0.4,4200908030.6628,0.4,0.385253170159927,202609071,1
"catch_gear",3,1,18,19,578620828331.487,0.4,468882679506.672,0.4,0.385253170159927,202609071,1
"catch_gear",3,4,18,19,40688266452.1153,0.4,29824489846.3359,0.4,0.385253170159927,202609071,1
"catch_gear",4,2,18,19,2410898270.93462,0.4,3381170580.47306,0.4,0.385253170159927,202609071,1
"catch_gear",4,4,18,19,153695007.415518,0.4,148169868.73601,0.4,0.385253170159927,202609071,1
"catch_gear",5,3,18,19,133004500673.09,0.4,99940747914.4392,0.4,0.385253170159927,202609071,1
"catch_gear",5,4,18,19,1205179686.48149,0.4,1726833947.28243,0.4,0.385253170159927,202609071,1
"catch_gear",6,2,18,19,28606393543.6205,0.4,36894193702.0144,0.4,0.385253170159927,202609071,1
"catch_gear",6,4,18,19,2087771861.95959,0.4,2151587984.24408,0.4,0.385253170159927,202609071,1
"catch_gear",7,3,18,19,373410283.733428,0.4,254797732.696072,0.4,0.385253170159927,202609071,1
"catch_gear",7,4,18,19,6007817.2566211,0.4,9610246.91084569,0.4,0.385253170159927,202609071,1
"catch_gear",8,2,18,19,176953169159.773,0.4,368493640921.165,0.4,0.385253170159927,202609071,1
"catch_gear",8,4,18,19,13893981983.0225,0.4,22502645206.2376,0.4,0.385253170159927,202609071,1
"catch_gear",9,3,18,19,130689933534.274,0.4,104774739498.902,0.4,0.385253170159927,202609071,1
"catch_gear",9,4,18,19,2510931667.93721,0.4,3888863124.67811,0.4,0.385253170159927,202609071,1
"catch_gear",10,3,18,19,644966831185.08,0.4,295848583608.308,0.4,0.385253170159927,202609071,1
"catch_gear",10,4,18,19,4950603278.54531,0.4,4259281837.56915,0.4,0.385253170159927,202609071,1
"catch_gear",11,3,18,19,407629728193.489,0.4,459010539256.85,0.4,0.385253170159927,202609071,1
"catch_gear",11,4,18,19,13755994546.8612,0.4,7580927813.57627,0.4,0.385253170159927,202609071,1
"catch_gear",0,4,19,20,2429651428.66792,0.4,2169811051.92602,0.4,0.385253170159927,202609071,1
"catch_gear",1,4,19,20,59183319347.1241,0.4,68033444755.069,0.4,0.385253170159927,202609071,1
"catch_gear",2,4,19,20,5414683554.5369,0.4,5093303322.15182,0.4,0.385253170159927,202609071,1
"catch_gear",3,1,19,20,673541798185.996,0.4,511079435734.619,0.4,0.385253170159927,202609071,1
"catch_gear",3,4,19,20,35302897378.8239,0.4,34528855628.3473,0.4,0.385253170159927,202609071,1
"catch_gear",4,2,19,20,2568336299.34984,0.4,3587589233.31583,0.4,0.385253170159927,202609071,1
"catch_gear",4,4,19,20,186045853.303938,0.4,155560089.237375,0.4,0.385253170159927,202609071,1
"catch_gear",5,3,19,20,127133595270.774,0.4,115559401090.762,0.4,0.385253170159927,202609071,1
"catch_gear",5,4,19,20,1286449593.23081,0.4,1788974500.30915,0.4,0.385253170159927,202609071,1
"catch_gear",6,2,19,20,33403996765.9035,0.4,36722887617.0706,0.4,0.385253170159927,202609071,1
"catch_gear",6,4,19,20,4378813963.47697,0.4,2225339994.57211,0.4,0.385253170159927,202609071,1
"catch_gear",7,3,19,20,478810935.359812,0.4,342402896.798106,0.4,0.385253170159927,202609071,1
"catch_gear",7,4,19,20,9987396.81968099,0.4,10269997.7125241,0.4,0.385253170159927,202609071,1
"catch_gear",8,2,19,20,212853558284.303,0.4,355376476199.97,0.4,0.385253170159927,202609071,1
"catch_gear",8,4,19,20,16280343147.7787,0.4,23711758833.8716,0.4,0.385253170159927,202609071,1
"catch_gear",9,3,19,20,172792945139.613,0.4,149451014268.953,0.4,0.385253170159927,202609071,1
"catch_gear",9,4,19,20,9842456796.85147,0.4,5700714065.20792,0.4,0.385253170159927,202609071,1
"catch_gear",10,3,19,20,411237049133.579,0.4,303640812593.879,0.4,0.385253170159927,202609071,1
"catch_gear",10,4,19,20,10163905869.3877,0.4,4633038483.72354,0.4,0.385253170159927,202609071,1
"catch_gear",11,3,19,20,496266008030.729,0.4,296428408159.194,0.4,0.385253170159927,202609071,1
"catch_gear",11,4,19,20,9445740417.58598,0.4,5441158831.14323,0.4,0.385253170159927,202609071,1
"catch_gear",0,4,20,21,1693159320.20779,0.4,2046095375.94442,0.4,0.385253170159927,202609071,1
"catch_gear",1,4,20,21,98769957141.3663,0.4,69166057918.8764,0.4,0.385253170159927,202609071,1
"catch_gear",2,4,20,21,4818922612.54243,0.4,4881795600.4534,0.4,0.385253170159927,202609071,1
"catch_gear",3,1,20,21,1337729731181.6,0.4,620689589660.45,0.4,0.385253170159927,202609071,1
"catch_gear",3,4,20,21,23941926654.1718,0.4,36997447301.5976,0.4,0.385253170159927,202609071,1
"catch_gear",4,2,20,21,5183124613.36376,0.4,3490510130.27066,0.4,0.385253170159927,202609071,1
"catch_gear",4,4,20,21,147955200.209548,0.4,149683499.29543,0.4,0.385253170159927,202609071,1
"catch_gear",5,3,20,21,136276396746.624,0.4,100155948987.59,0.4,0.385253170159927,202609071,1
"catch_gear",5,4,20,21,779647009.199449,0.4,1467973267.79699,0.4,0.385253170159927,202609071,1
"catch_gear",6,2,20,21,34036290694.1115,0.4,38010048654.7345,0.4,0.385253170159927,202609071,1
"catch_gear",6,4,20,21,4071179982.77809,0.4,2262463321.94629,0.4,0.385253170159927,202609071,1
"catch_gear",7,3,20,21,379748932.824805,0.4,305224975.179662,0.4,0.385253170159927,202609071,1
"catch_gear",7,4,20,21,5009351.00804381,0.4,6881251.52885308,0.4,0.385253170159927,202609071,1
"catch_gear",8,2,20,21,264287109292.734,0.4,364768954546.08,0.4,0.385253170159927,202609071,1
"catch_gear",8,4,20,21,37746516297.7617,0.4,24331391784.0854,0.4,0.385253170159927,202609071,1
"catch_gear",9,3,20,21,444428392560.47,0.4,247765751272.451,0.4,0.385253170159927,202609071,1
"catch_gear",9,4,20,21,5853022974.65525,0.4,6221587829.14679,0.4,0.385253170159927,202609071,1
"catch_gear",10,3,20,21,864682898870.649,0.4,344909148206.046,0.4,0.385253170159927,202609071,1
"catch_gear",10,4,20,21,3654490677.48117,0.4,5143997092.60571,0.4,0.385253170159927,202609071,1
"catch_gear",11,3,20,21,239831413157.862,0.4,175757434162.061,0.4,0.385253170159927,202609071,1
"catch_gear",11,4,20,21,5364393473.70331,0.4,6313360052.58606,0.4,0.385253170159927,202609071,1
"catch_gear",0,4,21,22,3179392737.70246,0.4,1786728148.40009,0.4,0.385253170159927,202609071,1
"catch_gear",1,4,21,22,180143321080.419,0.4,67120303280.6486,0.4,0.385253170159927,202609071,1
"catch_gear",2,4,21,22,3918196098.5598,0.4,3968625809.06917,0.4,0.385253170159927,202609071,1
"catch_gear",3,1,21,22,521313845433.244,0.4,628970011104.197,0.4,0.385253170159927,202609071,1
"catch_gear",3,4,21,22,36145856221.0145,0.4,33499778935.2946,0.4,0.385253170159927,202609071,1
"catch_gear",4,2,21,22,3657054078.35794,0.4,3237845684.66143,0.4,0.385253170159927,202609071,1
"catch_gear",4,4,21,22,193332427.587673,0.4,139478304.173536,0.4,0.385253170159927,202609071,1
"catch_gear",5,3,21,22,47218792512.6044,0.4,77840323759.0983,0.4,0.385253170159927,202609071,1
"catch_gear",5,4,21,22,1086932272.64109,0.4,1258937140.75283,0.4,0.385253170159927,202609071,1
"catch_gear",6,2,21,22,33068973486.667,0.4,38876826100.4736,0.4,0.385253170159927,202609071,1
"catch_gear",6,4,21,22,1909538829.63372,0.4,2207453750.13943,0.4,0.385253170159927,202609071,1
"catch_gear",7,3,21,22,282593728.823764,0.4,167194337.188003,0.4,0.385253170159927,202609071,1
"catch_gear",7,4,21,22,1736988.32214396,0.4,3727992.29998134,0.4,0.385253170159927,202609071,1
"catch_gear",8,2,21,22,328729096154.687,0.4,384401517865.017,0.4,0.385253170159927,202609071,1
"catch_gear",8,4,21,22,27998072099.8865,0.4,23521235832.6749,0.4,0.385253170159927,202609071,1
"catch_gear",9,3,21,22,202748567673.445,0.4,242967613989.159,0.4,0.385253170159927,202609071,1
"catch_gear",9,4,21,22,10743340215.7202,0.4,4542777778.9577,0.4,0.385253170159927,202609071,1
"catch_gear",10,3,21,22,360296332407.638,0.4,357146553672.703,0.4,0.385253170159927,202609071,1
"catch_gear",10,4,21,22,7879725745.48658,0.4,5001155191.93183,0.4,0.385253170159927,202609071,1
"catch_gear",11,3,21,22,193712392802.366,0.4,239556044529.083,0.4,0.385253170159927,202609071,1
"catch_gear",11,4,21,22,15759717491.4789,0.4,8595191417.59023,0.4,0.385253170159927,202609071,1
"catch_gear",0,4,22,23,1372502702.44038,0.4,1759389065.23594,0.4,0.385253170159927,202609071,1
"catch_gear",1,4,22,23,85195622107.0953,0.4,64807867052.7184,0.4,0.385253170159927,202609071,1
"catch_gear",2,4,22,23,3928933782.97367,0.4,3650293739.63297,0.4,0.385253170159927,202609071,1
"catch_gear",3,1,22,23,821547833611.992,0.4,527373710500.577,0.4,0.385253170159927,202609071,1
"catch_gear",3,4,22,23,86155002499.0851,0.4,29354906680.9785,0.4,0.385253170159927,202609071,1
"catch_gear",4,2,22,23,3015061019.96247,0.4,3193435143.99149,0.4,0.385253170159927,202609071,1
"catch_gear",4,4,22,23,210265364.314906,0.4,139539588.97276,0.4,0.385253170159927,202609071,1
"catch_gear",5,3,22,23,65951373367.0992,0.4,80626525447.8356,0.4,0.385253170159927,202609071,1
"catch_gear",5,4,22,23,2034534125.87572,0.4,1453924646.46868,0.4,0.385253170159927,202609071,1
"catch_gear",6,2,22,23,26711717547.7055,0.4,37963073072.6288,0.4,0.385253170159927,202609071,1
"catch_gear",6,4,22,23,1930868501.22983,0.4,2139112398.44004,0.4,0.385253170159927,202609071,1
"catch_gear",7,3,22,23,55296749.9146933,0.4,97951397.2425219,0.4,0.385253170159927,202609071,1
"catch_gear",7,4,22,23,2653793.36457494,0.4,3264675.41113448,0.4,0.385253170159927,202609071,1
"catch_gear",8,2,22,23,351090055066.625,0.4,384995920715.349,0.4,0.385253170159927,202609071,1
"catch_gear",8,4,22,23,11363891435.8651,0.4,22451054444.5658,0.4,0.385253170159927,202609071,1
"catch_gear",9,3,22,23,120257762116.888,0.4,143670193028.763,0.4,0.385253170159927,202609071,1
"catch_gear",9,4,22,23,3428290155.93723,0.4,3299915104.9339,0.4,0.385253170159927,202609071,1
"catch_gear",10,3,22,23,179624267864.953,0.4,322310416650.546,0.4,0.385253170159927,202609071,1
"catch_gear",10,4,22,23,5726455066.13438,0.4,4441900017.29237,0.4,0.385253170159927,202609071,1
"catch_gear",11,3,22,23,340314251976.132,0.4,409173459558.249,0.4,0.385253170159927,202609071,1
"catch_gear",11,4,22,23,6523373820.67367,0.4,9440299454.73435,0.4,0.385253170159927,202609071,1
"catch_gear",0,4,23,24,3558634546.69108,0.4,2005465250.85975,0.4,0.385253170159927,202609071,1
"catch_gear",1,4,23,24,230352260193.095,0.4,65493379728.8586,0.4,0.385253170159927,202609071,1
"catch_gear",2,4,23,24,4345537977.85503,0.4,4339387711.49739,0.4,0.385253170159927,202609071,1
"catch_gear",3,1,23,24,574791955369.807,0.4,463475971458.573,0.4,0.385253170159927,202609071,1
"catch_gear",3,4,23,24,59605855679.1243,0.4,30218382352.7205,0.4,0.385253170159927,202609071,1
"catch_gear",4,2,23,24,4743523880.36546,0.4,3415444341.32226,0.4,0.385253170159927,202609071,1
"catch_gear",4,4,23,24,81831892.8789595,0.4,149609642.742524,0.4,0.385253170159927,202609071,1
"catch_gear",5,3,23,24,75635375341.5362,0.4,103732508635.516,0.4,0.385253170159927,202609071,1
"catch_gear",5,4,23,24,912342583.29934,0.4,1768321925.38654,0.4,0.385253170159927,202609071,1
"catch_gear",6,2,23,24,43845323169.1927,0.4,36637058984.291,0.4,0.385253170159927,202609071,1
"catch_gear",6,4,23,24,2701860942.94664,0.4,2155323370.72149,0.4,0.385253170159927,202609071,1
"catch_gear",7,3,23,24,174420340.441313,0.4,113265784.604781,0.4,0.385253170159927,202609071,1
"catch_gear",7,4,23,24,4980324.56206805,0.4,4228056.04179754,0.4,0.385253170159927,202609071,1
"catch_gear",8,2,23,24,324631958997.051,0.4,366004364119.176,0.4,0.385253170159927,202609071,1
"catch_gear",8,4,23,24,22356970442.6369,0.4,22659270757.7236,0.4,0.385253170159927,202609071,1
"catch_gear",9,3,23,24,101623189023.142,0.4,103377065795.775,0.4,0.385253170159927,202609071,1
"catch_gear",9,4,23,24,4398062267.79077,0.4,4109824342.54752,0.4,0.385253170159927,202609071,1
"catch_gear",10,3,23,24,272326987022.033,0.4,292126152600.988,0.4,0.385253170159927,202609071,1
"catch_gear",10,4,23,24,5859820426.57461,0.4,4254391114.71038,0.4,0.385253170159927,202609071,1
"catch_gear",11,3,23,24,315706882632.013,0.4,451178714062.626,0.4,0.385253170159927,202609071,1
"catch_gear",11,4,23,24,12932064899.4593,0.4,7163945905.99551,0.4,0.385253170159927,202609071,1
"catch_gear",0,4,24,25,2229731136.76613,0.4,2177303456.55287,0.4,0.385253170159927,202609071,1
"catch_gear",1,4,24,25,84621374654.9817,0.4,68325544106.6007,0.4,0.385253170159927,202609071,1
"catch_gear",2,4,24,25,4693326621.50842,0.4,5162996126.20651,0.4,0.385253170159927,202609071,1
"catch_gear",3,1,24,25,722173284025.573,0.4,525577453160.113,0.4,0.385253170159927,202609071,1
"catch_gear",3,4,24,25,43898530520.0646,0.4,35263375268.1625,0.4,0.385253170159927,202609071,1
"catch_gear",4,2,24,25,6111332703.99967,0.4,3596359990.35248,0.4,0.385253170159927,202609071,1
"catch_gear",4,4,24,25,317600945.624098,0.4,155605437.336215,0.4,0.385253170159927,202609071,1
"catch_gear",5,3,24,25,90862001506.7321,0.4,115792278903.124,0.4,0.385253170159927,202609071,1
"catch_gear",5,4,24,25,1433496637.7314,0.4,1764399796.58517,0.4,0.385253170159927,202609071,1
"catch_gear",6,2,24,25,30125495612.8199,0.4,36781948968.0611,0.4,0.385253170159927,202609071,1
"catch_gear",6,4,24,25,1230317082.63431,0.4,2234929484.15112,0.4,0.385253170159927,202609071,1
"catch_gear",7,3,24,25,201990116.60112,0.4,148579166.204207,0.4,0.385253170159927,202609071,1
"catch_gear",7,4,24,25,4604605.35168448,0.4,4252198.74189463,0.4,0.385253170159927,202609071,1
"catch_gear",8,2,24,25,317148407736.789,0.4,355580033092.953,0.4,0.385253170159927,202609071,1
"catch_gear",8,4,24,25,52468316322.4118,0.4,23931417828.6778,0.4,0.385253170159927,202609071,1
"catch_gear",9,3,24,25,143394799463.279,0.4,163337416395.633,0.4,0.385253170159927,202609071,1
"catch_gear",9,4,24,25,5331224120.62878,0.4,5957879466.25114,0.4,0.385253170159927,202609071,1
"catch_gear",10,3,24,25,549347476250.645,0.4,307902033230.824,0.4,0.385253170159927,202609071,1
"catch_gear",10,4,24,25,5736332811.29125,0.4,4719214555.1924,0.4,0.385253170159927,202609071,1
"catch_gear",11,3,24,25,209231992996.873,0.4,267186691535.17,0.4,0.385253170159927,202609071,1
"catch_gear",11,4,24,25,14698483256.1133,0.4,5349233830.01897,0.4,0.385253170159927,202609071,1
"catch_gear",0,4,25,26,1370726586.45387,0.4,2004641018.71923,0.4,0.385253170159927,202609071,1
"catch_gear",1,4,25,26,69244689577.6668,0.4,68982952448.6224,0.4,0.385253170159927,202609071,1
"catch_gear",2,4,25,26,5865741566.60899,0.4,4756592636.76542,0.4,0.385253170159927,202609071,1
"catch_gear",3,1,25,26,595759421939.955,0.4,632835439008.941,0.4,0.385253170159927,202609071,1
"catch_gear",3,4,25,26,40708870401.0004,0.4,36856411463.3076,0.4,0.385253170159927,202609071,1
"catch_gear",4,2,25,26,3220471249.25108,0.4,3451032538.28421,0.4,0.385253170159927,202609071,1
"catch_gear",4,4,25,26,110948591.781262,0.4,147881498.685289,0.4,0.385253170159927,202609071,1
"catch_gear",5,3,25,26,128613437972.069,0.4,96207059593.5179,0.4,0.385253170159927,202609071,1
"catch_gear",5,4,25,26,1060208057.84588,0.4,1412728390.49052,0.4,0.385253170159927,202609071,1
"catch_gear",6,2,25,26,33182546361.6862,0.4,38208249326.122,0.4,0.385253170159927,202609071,1
"catch_gear",6,4,25,26,2032760474.21195,0.4,2259222301.73436,0.4,0.385253170159927,202609071,1
"catch_gear",7,3,25,26,130407538.525286,0.4,121911560.614231,0.4,0.385253170159927,202609071,1
"catch_gear",7,4,25,26,3262204.83892988,0.4,2664425.71736358,0.4,0.385253170159927,202609071,1
"catch_gear",8,2,25,26,456238868635.219,0.4,368203650828.063,0.4,0.385253170159927,202609071,1
"catch_gear",8,4,25,26,22702957124.1989,0.4,24326840219.8462,0.4,0.385253170159927,202609071,1
"catch_gear",9,3,25,26,360532802261.316,0.4,259026499440.491,0.4,0.385253170159927,202609071,1
"catch_gear",9,4,25,26,8115573529.91081,0.4,6102142404.65974,0.4,0.385253170159927,202609071,1
"catch_gear",10,3,25,26,320375249413.384,0.4,350344365023.241,0.4,0.385253170159927,202609071,1
"catch_gear",10,4,25,26,5433449689.9505,0.4,5179349799.82294,0.4,0.385253170159927,202609071,1
"catch_gear",11,3,25,26,218557469738.219,0.4,171927034339.668,0.4,0.385253170159927,202609071,1
"catch_gear",11,4,25,26,4699709502.07705,0.4,6630738972.8056,0.4,0.385253170159927,202609071,1
"catch_gear",0,4,26,27,1407170803.43453,0.4,1756424607.14431,0.4,0.385253170159927,202609071,1
"catch_gear",1,4,26,27,62336271588.974,0.4,66612190226.4041,0.4,0.385253170159927,202609071,1
"catch_gear",2,4,26,27,4332692482.62345,0.4,3847117727.82717,0.4,0.385253170159927,202609071,1
"catch_gear",3,1,26,27,413346859698.882,0.4,618735199713.42,0.4,0.385253170159927,202609071,1
"catch_gear",3,4,26,27,52628107204.1525,0.4,32716363577.1828,0.4,0.385253170159927,202609071,1
"catch_gear",4,2,26,27,4185431357.6055,0.4,3205490780.36418,0.4,0.385253170159927,202609071,1
"catch_gear",4,4,26,27,136821142.805764,0.4,138354079.318561,0.4,0.385253170159927,202609071,1
"catch_gear",5,3,26,27,93364790229.6576,0.4,75931848533.6906,0.4,0.385253170159927,202609071,1
"catch_gear",5,4,26,27,1039890901.73953,0.4,1258031356.50354,0.4,0.385253170159927,202609071,1
"catch_gear",6,2,26,27,41352672769.2281,0.4,38851569708.7655,0.4,0.385253170159927,202609071,1
"catch_gear",6,4,26,27,1404053312.39076,0.4,2193603482.6113,0.4,0.385253170159927,202609071,1
"catch_gear",7,3,26,27,79990219.5452124,0.4,63624677.2656427,0.4,0.385253170159927,202609071,1
"catch_gear",7,4,26,27,1490177.34150059,0.4,1475494.55749863,0.4,0.385253170159927,202609071,1
"catch_gear",8,2,26,27,332744095563.432,0.4,386863896148.759,0.4,0.385253170159927,202609071,1
"catch_gear",8,4,26,27,18735722245.6417,0.4,23343724981.6751,0.4,0.385253170159927,202609071,1
"catch_gear",9,3,26,27,200296865009.964,0.4,231161679660.38,0.4,0.385253170159927,202609071,1
"catch_gear",9,4,26,27,1890266293.15371,0.4,4249415252.58451,0.4,0.385253170159927,202609071,1
"catch_gear",10,3,26,27,340095962831.104,0.4,354448012390.21,0.4,0.385253170159927,202609071,1
"catch_gear",10,4,26,27,2271462105.45429,0.4,4924992926.22487,0.4,0.385253170159927,202609071,1
"catch_gear",11,3,26,27,231825161408.358,0.4,259854288078.457,0.4,0.385253170159927,202609071,1
"catch_gear",11,4,26,27,8708723390.38024,0.4,8934403066.95996,0.4,0.385253170159927,202609071,1
"catch_gear",0,4,27,28,1938367630.8773,0.4,1778674070.18172,0.4,0.385253170159927,202609071,1
"catch_gear",1,4,27,28,49811364600.0943,0.4,64552697534.8713,0.4,0.385253170159927,202609071,1
"catch_gear",2,4,27,28,4280700034.93017,0.4,3667213906.21178,0.4,0.385253170159927,202609071,1
"catch_gear",3,1,27,28,1875981131928.2,0.4,510671251159.72,0.4,0.385253170159927,202609071,1
"catch_gear",3,4,27,28,58885920408.9812,0.4,28977153434.7671,0.4,0.385253170159927,202609071,1
"catch_gear",4,2,27,28,4971420373.05695,0.4,3207399530.51949,0.4,0.385253170159927,202609071,1
"catch_gear",4,4,27,28,193366123.830057,0.4,140397403.261967,0.4,0.385253170159927,202609071,1
"catch_gear",5,3,27,28,59472202763.0019,0.4,82996220747.9692,0.4,0.385253170159927,202609071,1
"catch_gear",5,4,27,28,1120800051.31847,0.4,1501816530.0813,0.4,0.385253170159927,202609071,1
"catch_gear",6,2,27,28,25882640172.4919,0.4,37709016642.1819,0.4,0.385253170159927,202609071,1
"catch_gear",6,4,27,28,1501091710.20078,0.4,2132160191.76064,0.4,0.385253170159927,202609071,1
"catch_gear",7,3,27,28,29937648.6994532,0.4,40417097.2329715,0.4,0.385253170159927,202609071,1
"catch_gear",7,4,27,28,977900.842100472,0.4,1427835.17825835,0.4,0.385253170159927,202609071,1
"catch_gear",8,2,27,28,352762205406.389,0.4,383164952054.034,0.4,0.385253170159927,202609071,1
"catch_gear",8,4,27,28,20130655169.4198,0.4,22360238493.0381,0.4,0.385253170159927,202609071,1
"catch_gear",9,3,27,28,116749537102.597,0.4,130784145183.065,0.4,0.385253170159927,202609071,1
"catch_gear",9,4,27,28,5324489114.58459,0.4,3256656663.5872,0.4,0.385253170159927,202609071,1
"catch_gear",10,3,27,28,317194351269.375,0.4,315458210870.816,0.4,0.385253170159927,202609071,1
"catch_gear",10,4,27,28,7059841239.19808,0.4,4361485313.81627,0.4,0.385253170159927,202609071,1
"catch_gear",11,3,27,28,555109143970.606,0.4,434105019363.037,0.4,0.385253170159927,202609071,1
"catch_gear",11,4,27,28,2529637792.54014,0.4,9354073133.31295,0.4,0.385253170159927,202609071,1
"catch_gear",0,4,28,29,2023117362.92296,0.4,2048834038.92097,0.4,0.385253170159927,202609071,1
"catch_gear",1,4,28,29,48054603710.2381,0.4,65773455411.3512,0.4,0.385253170159927,202609071,1
"catch_gear",2,4,28,29,2464634209.40393,0.4,4483982555.49284,0.4,0.385253170159927,202609071,1
"catch_gear",3,1,28,29,577259685707.041,0.4,461845668209.346,0.4,0.385253170159927,202609071,1
"catch_gear",3,4,28,29,35496425745.4804,0.4,30747185926.6434,0.4,0.385253170159927,202609071,1
"catch_gear",4,2,28,29,2134920807.86555,0.4,3454976579.2133,0.4,0.385253170159927,202609071,1
"catch_gear",4,4,28,29,99522733.5136407,0.4,151204270.154057,0.4,0.385253170159927,202609071,1
"catch_gear",5,3,28,29,74632472958.667,0.4,107261668577.603,0.4,0.385253170159927,202609071,1
"catch_gear",5,4,28,29,2900963418.22269,0.4,1800948043.00341,0.4,0.385253170159927,202609071,1
"catch_gear",6,2,28,29,29123839198.6775,0.4,36492226014.6403,0.4,0.385253170159927,202609071,1
"catch_gear",6,4,28,29,1767205593.04393,0.4,2163860510.31794,0.4,0.385253170159927,202609071,1
"catch_gear",7,3,28,29,25333500.2304795,0.4,50753687.6229085,0.4,0.385253170159927,202609071,1
"catch_gear",7,4,28,29,591738.56972084,0.4,1857813.15522936,0.4,0.385253170159927,202609071,1
"catch_gear",8,2,28,29,228992872336.91,0.4,363042390750.871,0.4,0.385253170159927,202609071,1
"catch_gear",8,4,28,29,36657804811.6573,0.4,22814879221.6833,0.4,0.385253170159927,202609071,1
"catch_gear",9,3,28,29,125825511791.804,0.4,104531746221.781,0.4,0.385253170159927,202609071,1
"catch_gear",9,4,28,29,3714117654.55291,0.4,4357199687.55312,0.4,0.385253170159927,202609071,1
"catch_gear",10,3,28,29,427555068844.008,0.4,289951964905.606,0.4,0.385253170159927,202609071,1
"catch_gear",10,4,28,29,3827359438.9302,0.4,4269689349.58277,0.4,0.385253170159927,202609071,1
"catch_gear",11,3,28,29,402515219879.758,0.4,436522132115.781,0.4,0.385253170159927,202609071,1
"catch_gear",11,4,28,29,4239373008.71717,0.4,6758455023.21578,0.4,0.385253170159927,202609071,1
"catch_gear",0,4,29,30,2951350519.52589,0.4,2179150049.77588,0.4,0.385253170159927,202609071,1
"catch_gear",1,4,29,30,100655383704.489,0.4,68623821255.9239,0.4,0.385253170159927,202609071,1
"catch_gear",2,4,29,30,5606120344.7758,0.4,5198704504.90223,0.4,0.385253170159927,202609071,1
"catch_gear",3,1,29,30,931671709938.068,0.4,541693327918.368,0.4,0.385253170159927,202609071,1
"catch_gear",3,4,29,30,30528467587.1873,0.4,35920780925.7128,0.4,0.385253170159927,202609071,1
"catch_gear",4,2,29,30,2376512570.86389,0.4,3600448609.33587,0.4,0.385253170159927,202609071,1
"catch_gear",4,4,29,30,116345517.121774,0.4,155453338.808825,0.4,0.385253170159927,202609071,1
"catch_gear",5,3,29,30,156249550617.089,0.4,115093864973.956,0.4,0.385253170159927,202609071,1
"catch_gear",5,4,29,30,3304798494.88261,0.4,1729449546.52252,0.4,0.385253170159927,202609071,1
"catch_gear",6,2,29,30,42292033796.4938,0.4,36915399783.0649,0.4,0.385253170159927,202609071,1
"catch_gear",6,4,29,30,2873580116.5226,0.4,2245151599.32622,0.4,0.385253170159927,202609071,1
"catch_gear",7,3,29,30,66718653.0792105,0.4,64081310.2916641,0.4,0.385253170159927,202609071,1
"catch_gear",7,4,29,30,1573687.29154471,0.4,1751390.85420864,0.4,0.385253170159927,202609071,1
"catch_gear",8,2,29,30,265363447655.617,0.4,355699190036.637,0.4,0.385253170159927,202609071,1
"catch_gear",8,4,29,30,33818614701.2358,0.4,24114013939.3131,0.4,0.385253170159927,202609071,1
"catch_gear",9,3,29,30,213932942944.339,0.4,178217834129.625,0.4,0.385253170159927,202609071,1
"catch_gear",9,4,29,30,6875822724.83182,0.4,6167824722.142,0.4,0.385253170159927,202609071,1
"catch_gear",10,3,29,30,360040387230.693,0.4,312978463756.041,0.4,0.385253170159927,202609071,1
"catch_gear",10,4,29,30,3555750302.68966,0.4,4805125454.15789,0.4,0.385253170159927,202609071,1
"catch_gear",11,3,29,30,230190659655.66,0.4,241062698016.727,0.4,0.385253170159927,202609071,1
"catch_gear",11,4,29,30,3892280879.32822,0.4,5340022846.02078,0.4,0.385253170159927,202609071,1
"catch_gear",0,4,30,31,2397855768.51327,0.4,1964435213.08483,0.4,0.385253170159927,202609071,1
"catch_gear",1,4,30,31,51592086100.1199,0.4,68778021963.1328,0.4,0.385253170159927,202609071,1
"catch_gear",2,4,30,31,5744210169.08064,0.4,4621954011.51496,0.4,0.385253170159927,202609071,1
"catch_gear",3,1,30,31,634425697211.747,0.4,642013180856.265,0.4,0.385253170159927,202609071,1
"catch_gear",3,4,30,31,29387962944.237,0.4,36585926817.8714,0.4,0.385253170159927,202609071,1
"catch_gear",4,2,30,31,6897880407.96211,0.4,3412245775.40661,0.4,0.385253170159927,202609071,1
"catch_gear",4,4,30,31,232345770.136968,0.4,146169492.67891,0.4,0.385253170159927,202609071,1
"catch_gear",5,3,30,31,93559392653.6685,0.4,92256824023.2431,0.4,0.385253170159927,202609071,1
"catch_gear",5,4,30,31,969809064.261408,0.4,1362939056.27399,0.4,0.385253170159927,202609071,1
"catch_gear",6,2,30,31,53327590947.7753,0.4,38415912372.8051,0.4,0.385253170159927,202609071,1
"catch_gear",6,4,30,31,2507563081.22507,0.4,2255342214.92101,0.4,0.385253170159927,202609071,1
"catch_gear",7,3,30,31,27054373.6503271,0.4,48488027.9902523,0.4,0.385253170159927,202609071,1
"catch_gear",7,4,30,31,1715425.40384328,0.4,1034733.36345362,0.4,0.385253170159927,202609071,1
"catch_gear",8,2,30,31,659254710371.144,0.4,371435239715.89,0.4,0.385253170159927,202609071,1
"catch_gear",8,4,30,31,14740766784.0002,0.4,24286743315.6786,0.4,0.385253170159927,202609071,1
"catch_gear",9,3,30,31,240197162107.412,0.4,266786082338.607,0.4,0.385253170159927,202609071,1
"catch_gear",9,4,30,31,4432957365.83083,0.4,5930930535.9854,0.4,0.385253170159927,202609071,1
"catch_gear",10,3,30,31,239933230308.499,0.4,354660647094.332,0.4,0.385253170159927,202609071,1
"catch_gear",10,4,30,31,4185468319.43679,0.4,5194528854.35894,0.4,0.385253170159927,202609071,1
"catch_gear",11,3,30,31,135273189249.091,0.4,172648223565.308,0.4,0.385253170159927,202609071,1
"catch_gear",11,4,30,31,9995790458.09501,0.4,6962818832.82715,0.4,0.385253170159927,202609071,1
"catch_gear",0,4,31,32,2439705463.43533,0.4,1734642328.9139,0.4,0.385253170159927,202609071,1
"catch_gear",1,4,31,32,42554501405.7439,0.4,66159927462.0075,0.4,0.385253170159927,202609071,1
"catch_gear",2,4,31,32,5686653680.72842,0.4,3747524781.84997,0.4,0.385253170159927,202609071,1
"catch_gear",3,1,31,32,488057055320.17,0.4,606621797588.33,0.4,0.385253170159927,202609071,1
"catch_gear",3,4,31,32,29707579189.7165,0.4,31972794254.0396,0.4,0.385253170159927,202609071,1
"catch_gear",4,2,31,32,1622527708.261,0.4,3181724756.46762,0.4,0.385253170159927,202609071,1
"catch_gear",4,4,31,32,160964245.789904,0.4,137611270.937474,0.4,0.385253170159927,202609071,1
"catch_gear",5,3,31,32,59261057541.2026,0.4,74737172850.5693,0.4,0.385253170159927,202609071,1
"catch_gear",5,4,31,32,1239287360.09389,0.4,1267158292.50606,0.4,0.385253170159927,202609071,1
"catch_gear",6,2,31,32,52685924925.6126,0.4,38807770377.1327,0.4,0.385253170159927,202609071,1
"catch_gear",6,4,31,32,2442196975.47183,0.4,2181249037.02418,0.4,0.385253170159927,202609071,1
"catch_gear",7,3,31,32,33827696.3891272,0.4,24477127.3546598,0.4,0.385253170159927,202609071,1
"catch_gear",7,4,31,32,1110084.82027823,0.4,596068.886525592,0.4,0.385253170159927,202609071,1
"catch_gear",8,2,31,32,706446966314.717,0.4,388700828116.715,0.4,0.385253170159927,202609071,1
"catch_gear",8,4,31,32,19495686478.7389,0.4,23170067706.1558,0.4,0.385253170159927,202609071,1
"catch_gear",9,3,31,32,149587910750.536,0.4,217699247669.813,0.4,0.385253170159927,202609071,1
"catch_gear",9,4,31,32,3094126472.84661,0.4,3985969526.59153,0.4,0.385253170159927,202609071,1
"catch_gear",10,3,31,32,574975315126.119,0.4,350651640002.861,0.4,0.385253170159927,202609071,1
"catch_gear",10,4,31,32,6625163211.66888,0.4,4842564720.46239,0.4,0.385253170159927,202609071,1
"catch_gear",11,3,31,32,185887943505.104,0.4,281944918091.916,0.4,0.385253170159927,202609071,1
"catch_gear",11,4,31,32,10690709037.8923,0.4,9222793213.73729,0.4,0.385253170159927,202609071,1
"catch_gear",0,4,32,33,714367557.143569,0.4,1804200230.61761,0.4,0.385253170159927,202609071,1
"catch_gear",1,4,32,33,109642380574.871,0.4,64411014812.6602,0.4,0.385253170159927,202609071,1
"catch_gear",2,4,32,33,5449550273.44866,0.4,3708743982.44807,0.4,0.385253170159927,202609071,1
"catch_gear",3,1,32,33,650243315850.625,0.4,495997609962.403,0.4,0.385253170159927,202609071,1
"catch_gear",3,4,32,33,14468205533.9511,0.4,28747616306.6821,0.4,0.385253170159927,202609071,1
"catch_gear",4,2,32,33,1887362510.58108,0.4,3228293102.42729,0.4,0.385253170159927,202609071,1
"catch_gear",4,4,32,33,182888759.85843,0.4,141499572.805408,0.4,0.385253170159927,202609071,1
"catch_gear",5,3,32,33,67947006630.5069,0.4,85741476466.1902,0.4,0.385253170159927,202609071,1
"catch_gear",5,4,32,33,1567103657.01892,0.4,1550118828.4316,0.4,0.385253170159927,202609071,1
"catch_gear",6,2,32,33,26237428053.1656,0.4,37478978206.4252,0.4,0.385253170159927,202609071,1
"catch_gear",6,4,32,33,2384386043.52827,0.4,2128372730.22759,0.4,0.385253170159927,202609071,1
"catch_gear",7,3,32,33,22176374.8150179,0.4,17063786.3995554,0.4,0.385253170159927,202609071,1
"catch_gear",7,4,32,33,824595.581982793,0.4,630172.487874421,0.4,0.385253170159927,202609071,1
"catch_gear",8,2,32,33,546295309838.97,0.4,381044237738.855,0.4,0.385253170159927,202609071,1
"catch_gear",8,4,32,33,14146517006.2834,0.4,22304388331.7789,0.4,0.385253170159927,202609071,1
"catch_gear",9,3,32,33,141962852960.747,0.4,120166724775.56,0.4,0.385253170159927,202609071,1
"catch_gear",9,4,32,33,2497796970.38713,0.4,3264379099.76835,0.4,0.385253170159927,202609071,1
"catch_gear",10,3,32,33,718553620567.182,0.4,309153471034.21,0.4,0.385253170159927,202609071,1
"catch_gear",10,4,32,33,4033670268.81684,0.4,4295534958.78786,0.4,0.385253170159927,202609071,1
"catch_gear",11,3,32,33,635388310100.227,0.4,454593095293.693,0.4,0.385253170159927,202609071,1
"catch_gear",11,4,32,33,10453839241.3524,0.4,9185128276.55517,0.4,0.385253170159927,202609071,1
"catch_gear",0,4,33,34,2111121225.96826,0.4,2088168784.52201,0.4,0.385253170159927,202609071,1
"catch_gear",1,4,33,34,68260625666.7704,0.4,66111816099.7914,0.4,0.385253170159927,202609071,1
"catch_gear",2,4,33,34,7152927150.38204,0.4,4626912968.64586,0.4,0.385253170159927,202609071,1
"catch_gear",3,1,33,34,240878887795.922,0.4,463499032144.325,0.4,0.385253170159927,202609071,1
"catch_gear",3,4,33,34,35354877929.6237,0.4,31361060160.3445,0.4,0.385253170159927,202609071,1
"catch_gear",4,2,33,34,7364418412.44482,0.4,3492186422.29807,0.4,0.385253170159927,202609071,1
"catch_gear",4,4,33,34,54500295.9562837,0.4,152643989.517882,0.4,0.385253170159927,202609071,1
"catch_gear",5,3,33,34,84997536906.4367,0.4,110369052467.812,0.4,0.385253170159927,202609071,1
"catch_gear",5,4,33,34,2399063334.81043,0.4,1824303425.54484,0.4,0.385253170159927,202609071,1
"catch_gear",6,2,33,34,51289292507.6029,0.4,36403336295.8786,0.4,0.385253170159927,202609071,1
"catch_gear",6,4,33,34,2136044082.39308,0.4,2173863088.12898,0.4,0.385253170159927,202609071,1
"catch_gear",7,3,33,34,24983564.5226001,0.4,22763622.9272446,0.4,0.385253170159927,202609071,1
"catch_gear",7,4,33,34,785322.36226386,0.4,811146.102167618,0.4,0.385253170159927,202609071,1
"catch_gear",8,2,33,34,306006520213.388,0.4,360499739417.748,0.4,0.385253170159927,202609071,1
"catch_gear",8,4,33,34,17994651211.8996,0.4,22984738032.4768,0.4,0.385253170159927,202609071,1
"catch_gear",9,3,33,34,120378182571.137,0.4,107928873379.105,0.4,0.385253170159927,202609071,1
"catch_gear",9,4,33,34,4296825431.66495,0.4,4618356533.06743,0.4,0.385253170159927,202609071,1
"catch_gear",10,3,33,34,309204469593.084,0.4,289115355713.497,0.4,0.385253170159927,202609071,1
"catch_gear",10,4,33,34,5759107391.40589,0.4,4301925966.59078,0.4,0.385253170159927,202609071,1
"catch_gear",11,3,33,34,251092577187.909,0.4,416665746720.519,0.4,0.385253170159927,202609071,1
"catch_gear",11,4,33,34,7762008730.07216,0.4,6385775939.02337,0.4,0.385253170159927,202609071,1
"catch_gear",0,4,34,35,1261607544.78713,0.4,2172207912.47604,0.4,0.385253170159927,202609071,1
"catch_gear",1,4,34,35,81771462878.232,0.4,68865275016.8174,0.4,0.385253170159927,202609071,1
"catch_gear",2,4,34,35,6780478516.24088,0.4,5202624226.29098,0.4,0.385253170159927,202609071,1
"catch_gear",3,1,34,35,349272138026.263,0.4,558252005778.307,0.4,0.385253170159927,202609071,1
"catch_gear",3,4,34,35,57559634459.6115,0.4,36459712489.4106,0.4,0.385253170159927,202609071,1
"catch_gear",4,2,34,35,3770680776.34433,0.4,3596457452.03539,0.4,0.385253170159927,202609071,1
"catch_gear",4,4,34,35,304664060.691079,0.4,154979346.00253,0.4,0.385253170159927,202609071,1
"catch_gear",5,3,34,35,107418481592.606,0.4,113636282627.933,0.4,0.385253170159927,202609071,1
"catch_gear",5,4,34,35,2712649817.84184,0.4,1687649977.55132,0.4,0.385253170159927,202609071,1
"catch_gear",6,2,34,35,24637218330.4272,0.4,37078175403.5571,0.4,0.385253170159927,202609071,1
"catch_gear",6,4,34,35,4325544973.31833,0.4,2253525213.9189,0.4,0.385253170159927,202609071,1
"catch_gear",7,3,34,35,23439781.7615494,0.4,27362245.4362807,0.4,0.385253170159927,202609071,1
"catch_gear",7,4,34,35,531875.198171266,0.4,715680.511025866,0.4,0.385253170159927,202609071,1
"catch_gear",8,2,34,35,570265781501.483,0.4,356333114900.721,0.4,0.385253170159927,202609071,1
"catch_gear",8,4,34,35,13604397862.9052,0.4,24259032210.1132,0.4,0.385253170159927,202609071,1
"catch_gear",9,3,34,35,172723817849.792,0.4,193397583822.787,0.4,0.385253170159927,202609071,1
"catch_gear",9,4,34,35,3462962568.21621,0.4,6323981541.07588,0.4,0.385253170159927,202609071,1
"catch_gear",10,3,34,35,496242554977.276,0.4,318589027709.163,0.4,0.385253170159927,202609071,1
"catch_gear",10,4,34,35,3774712352.67911,0.4,4887733309.58189,0.4,0.385253170159927,202609071,1
"catch_gear",11,3,34,35,256457234534.741,0.4,218791925015.549,0.4,0.385253170159927,202609071,1
"catch_gear",11,4,34,35,4611695097.79548,0.4,5400864464.15834,0.4,0.385253170159927,202609071,1
"catch_gear",0,4,35,36,2111825408.72587,0.4,1924781368.70535,0.4,0.385253170159927,202609071,1
"catch_gear",1,4,35,36,81730648889.4277,0.4,68523355129.7654,0.4,0.385253170159927,202609071,1
"catch_gear",2,4,35,36,8113632639.55861,0.4,4485137217.79842,0.4,0.385253170159927,202609071,1
"catch_gear",3,1,35,36,453377971402.353,0.4,647735456688.411,0.4,0.385253170159927,202609071,1
"catch_gear",3,4,35,36,22801820518.4417,0.4,36197395751.545,0.4,0.385253170159927,202609071,1
"catch_gear",4,2,35,36,4920549382.72531,0.4,3373520881.77555,0.4,0.385253170159927,202609071,1
"catch_gear",4,4,35,36,113687874.796784,0.4,144523225.43298,0.4,0.385253170159927,202609071,1
"catch_gear",5,3,35,36,74454777736.1008,0.4,88534134709.8049,0.4,0.385253170159927,202609071,1
"catch_gear",5,4,35,36,1681394200.98106,0.4,1320795953.66688,0.4,0.385253170159927,202609071,1
"catch_gear",6,2,35,36,46515981065.459,0.4,38593156001.6059,0.4,0.385253170159927,202609071,1
"catch_gear",6,4,35,36,1626765857.55762,0.4,2249507237.45966,0.4,0.385253170159927,202609071,1
"catch_gear",7,3,35,36,14993949.2379511,0.4,19174083.9392494,0.4,0.385253170159927,202609071,1
"catch_gear",7,4,35,36,642439.626330026,0.4,402886.916954409,0.4,0.385253170159927,202609071,1
"catch_gear",8,2,35,36,478182176259.477,0.4,374566680463.803,0.4,0.385253170159927,202609071,1
"catch_gear",8,4,35,36,28050972142.3758,0.4,24212318326.2097,0.4,0.385253170159927,202609071,1
"catch_gear",9,3,35,36,237756824617.16,0.4,270880143223.169,0.4,0.385253170159927,202609071,1
"catch_gear",9,4,35,36,6536111398.74677,0.4,5720680558.09471,0.4,0.385253170159927,202609071,1
"catch_gear",10,3,35,36,399144382035.468,0.4,357849761184.124,0.4,0.385253170159927,202609071,1
"catch_gear",10,4,35,36,4660926886.89962,0.4,5192088351.68613,0.4,0.385253170159927,202609071,1
"catch_gear",11,3,35,36,280040503224.707,0.4,177129580523.362,0.4,0.385253170159927,202609071,1
"catch_gear",11,4,35,36,3965781762.93446,0.4,7298354217.95279,0.4,0.385253170159927,202609071,1
"catch_gear",0,4,36,37,1576498674.14128,0.4,1720434379.53905,0.4,0.385253170159927,202609071,1
"catch_gear",1,4,36,37,92396139127.8395,0.4,65745751880.841,0.4,0.385253170159927,202609071,1
"catch_gear",2,4,36,37,3924380500.23936,0.4,3669499819.4822,0.4,0.385253170159927,202609071,1
"catch_gear",3,1,36,37,355364825844.489,0.4,593058340159.36,0.4,0.385253170159927,202609071,1
"catch_gear",3,4,36,37,49053430274.9889,0.4,31280709191.5315,0.4,0.385253170159927,202609071,1
"catch_gear",4,2,36,37,4973217625.7207,0.4,3165228465.28966,0.4,0.385253170159927,202609071,1
"catch_gear",4,4,36,37,73891175.7243749,0.4,137187882.387437,0.4,0.385253170159927,202609071,1
"catch_gear",5,3,36,37,98273914603.9427,0.4,74234878952.9196,0.4,0.385253170159927,202609071,1
"catch_gear",5,4,36,37,832608259.001239,0.4,1284898546.59003,0.4,0.385253170159927,202609071,1
"catch_gear",6,2,36,37,41708483897.1582,0.4,38721684015.4686,0.4,0.385253170159927,202609071,1
"catch_gear",6,4,36,37,3200585597.21389,0.4,2169679486.25389,0.4,0.385253170159927,202609071,1
"catch_gear",7,3,36,37,11363347.7553694,0.4,9520380.16013859,0.4,0.385253170159927,202609071,1
"catch_gear",7,4,36,37,217364.194898883,0.4,245218.514143938,0.4,0.385253170159927,202609071,1
"catch_gear",8,2,36,37,480124254483.813,0.4,389797159737.698,0.4,0.385253170159927,202609071,1
"catch_gear",8,4,36,37,37868079869.1204,0.4,23002682919.2448,0.4,0.385253170159927,202609071,1
"catch_gear",9,3,36,37,196515528936.279,0.4,203431273947.479,0.4,0.385253170159927,202609071,1
"catch_gear",9,4,36,37,3522086484.58907,0.4,3758026499.6001,0.4,0.385253170159927,202609071,1
"catch_gear",10,3,36,37,392738931051.332,0.4,346088789903.759,0.4,0.385253170159927,202609071,1
"catch_gear",10,4,36,37,4588694519.47759,0.4,4757986401.02031,0.4,0.385253170159927,202609071,1
"catch_gear",11,3,36,37,324976739218.146,0.4,305243859294.943,0.4,0.385253170159927,202609071,1
"catch_gear",11,4,36,37,12269379707.0418,0.4,9455560340.79736,0.4,0.385253170159927,202609071,1
"catch_gear",0,4,37,38,1878434432.42506,0.4,1834572495.63611,0.4,0.385253170159927,202609071,1
"catch_gear",1,4,37,38,29407699882.1945,0.4,64361151414.8433,0.4,0.385253170159927,202609071,1
"catch_gear",2,4,37,38,4497711796.05655,0.4,3771755368.05367,0.4,0.385253170159927,202609071,1
"catch_gear",3,1,37,38,337521729204.981,0.4,483447243727.647,0.4,0.385253170159927,202609071,1
"catch_gear",3,4,37,38,26051351514.4828,0.4,28656572255.283,0.4,0.385253170159927,202609071,1
"catch_gear",4,2,37,38,3977343848.23505,0.4,3254147087.9083,0.4,0.385253170159927,202609071,1
"catch_gear",4,4,37,38,111056999.869279,0.4,142763640.919303,0.4,0.385253170159927,202609071,1
"catch_gear",5,3,37,38,157787778908.151,0.4,88737802824.2278,0.4,0.385253170159927,202609071,1
"catch_gear",5,4,37,38,1908535991.54814,0.4,1597279814.59412,0.4,0.385253170159927,202609071,1
"catch_gear",6,2,37,38,46472775290.9428,0.4,37260284885.4233,0.4,0.385253170159927,202609071,1
"catch_gear",6,4,37,38,1351629675.27177,0.4,2127107977.87188,0.4,0.385253170159927,202609071,1
"catch_gear",7,3,37,38,9734223.43988422,0.4,7332244.09506232,0.4,0.385253170159927,202609071,1
"catch_gear",7,4,37,38,324026.103239584,0.4,279232.64707862,0.4,0.385253170159927,202609071,1
"catch_gear",8,2,37,38,202032256593.801,0.4,378601724356.297,0.4,0.385253170159927,202609071,1
"catch_gear",8,4,37,38,28069233471.9894,0.4,22284735710.9133,0.4,0.385253170159927,202609071,1
"catch_gear",9,3,37,38,182796595058.828,0.4,111762319652.058,0.4,0.385253170159927,202609071,1
"catch_gear",9,4,37,38,4719815014.46099,0.4,3316993234.07673,0.4,0.385253170159927,202609071,1
"catch_gear",10,3,37,38,157547970809.9,0.4,303530451394.811,0.4,0.385253170159927,202609071,1
"catch_gear",10,4,37,38,7643839723.27299,0.4,4244094703.29457,0.4,0.385253170159927,202609071,1
"catch_gear",11,3,37,38,463506633886.211,0.4,469973995431.21,0.4,0.385253170159927,202609071,1
"catch_gear",11,4,37,38,12865571975.3193,0.4,8946980263.85177,0.4,0.385253170159927,202609071,1
"catch_gear",0,4,38,39,3181352245.54144,0.4,2122474406.84279,0.4,0.385253170159927,202609071,1
"catch_gear",1,4,38,39,35155338019.7695,0.4,66481235296.0269,0.4,0.385253170159927,202609071,1
"catch_gear",2,4,38,39,4309488695.89728,0.4,4762428897.47721,0.4,0.385253170159927,202609071,1
"catch_gear",3,1,38,39,480067601123.655,0.4,468065701255.277,0.4,0.385253170159927,202609071,1
"catch_gear",3,4,38,39,58763309100.9212,0.4,32031018924.6092,0.4,0.385253170159927,202609071,1
"catch_gear",4,2,38,39,6183098248.33117,0.4,3525572678.39656,0.4,0.385253170159927,202609071,1
"catch_gear",4,4,38,39,170525369.340967,0.4,153875409.648894,0.4,0.385253170159927,202609071,1
"catch_gear",5,3,38,39,97910578884.7063,0.4,112968416935.866,0.4,0.385253170159927,202609071,1
"catch_gear",5,4,38,39,1686241664.4214,0.4,1838243275.55537,0.4,0.385253170159927,202609071,1
"catch_gear",6,2,38,39,45463910057.181,0.4,36359773077.7124,0.4,0.385253170159927,202609071,1
"catch_gear",6,4,38,39,1388833999.2157,0.4,2184727227.30103,0.4,0.385253170159927,202609071,1
"catch_gear",7,3,38,39,8634657.91463023,0.4,10178761.8217945,0.4,0.385253170159927,202609071,1
"catch_gear",7,4,38,39,402813.686246818,0.4,351338.879418104,0.4,0.385253170159927,202609071,1
"catch_gear",8,2,38,39,362462542519.01,0.4,358381064886.448,0.4,0.385253170159927,202609071,1
"catch_gear",8,4,38,39,24970914169.3328,0.4,23166216270.229,0.4,0.385253170159927,202609071,1
"catch_gear",9,3,38,39,68691347910.8619,0.4,113305439764.449,0.4,0.385253170159927,202609071,1
"catch_gear",9,4,38,39,4419279760.53164,0.4,4884546471.1421,0.4,0.385253170159927,202609071,1
"catch_gear",10,3,38,39,286227132348.612,0.4,289464129447.792,0.4,0.385253170159927,202609071,1
"catch_gear",10,4,38,39,5257596933.35338,0.4,4347940999.12814,0.4,0.385253170159927,202609071,1
"catch_gear",11,3,38,39,316058220437.563,0.4,393209657907.019,0.4,0.385253170159927,202609071,1
"catch_gear",11,4,38,39,5913484324.72653,0.4,6058591542.56283,0.4,0.385253170159927,202609071,1
"catch_gear",0,4,39,40,2133238519.77357,0.4,2157522777.53529,0.4,0.385253170159927,202609071,1
"catch_gear",1,4,39,40,72524315550.9951,0.4,69042012932.2959,0.4,0.385253170159927,202609071,1
"catch_gear",2,4,39,40,5569898142.81402,0.4,5178227657.60071,0.4,0.385253170159927,202609071,1
"catch_gear",3,1,39,40,400682988718.155,0.4,574626975487.438,0.4,0.385253170159927,202609071,1
"catch_gear",3,4,39,40,77289676018.4115,0.4,36872489432.4248,0.4,0.385253170159927,202609071,1
"catch_gear",4,2,39,40,3373081189.65161,0.4,3585111200.55246,0.4,0.385253170159927,202609071,1
"catch_gear",4,4,39,40,68672109.805817,0.4,154222395.194196,0.4,0.385253170159927,202609071,1
"catch_gear",5,3,39,40,121961113401.286,0.4,111551981757.651,0.4,0.385253170159927,202609071,1
"catch_gear",5,4,39,40,1164496089.63309,0.4,1641301292.14602,0.4,0.385253170159927,202609071,1
"catch_gear",6,2,39,40,33702337593.7885,0.4,37262274967.2913,0.4,0.385253170159927,202609071,1
"catch_gear",6,4,39,40,656042038.496183,0.4,2259983177.3976,0.4,0.385253170159927,202609071,1
"catch_gear",7,3,39,40,9796383.70802281,0.4,11560671.0991238,0.4,0.385253170159927,202609071,1
"catch_gear",7,4,39,40,548515.051615631,0.4,290178.173284277,0.4,0.385253170159927,202609071,1
"catch_gear",8,2,39,40,233701969346.678,0.4,357489515672.076,0.4,0.385253170159927,202609071,1
"catch_gear",8,4,39,40,13613202455.3551,0.4,24369575454.6511,0.4,0.385253170159927,202609071,1
"catch_gear",9,3,39,40,133571874171.093,0.4,208364254346.038,0.4,0.385253170159927,202609071,1
"catch_gear",9,4,39,40,4216785501.54117,0.4,6425984488.66521,0.4,0.385253170159927,202609071,1
"catch_gear",10,3,39,40,401921561436.556,0.4,324456370431.414,0.4,0.385253170159927,202609071,1
"catch_gear",10,4,39,40,4251157862.3867,0.4,4964152277.94632,0.4,0.385253170159927,202609071,1
"catch_gear",11,3,39,40,300874350126.281,0.4,200548954638.383,0.4,0.385253170159927,202609071,1
"catch_gear",11,4,39,40,6756537839.48873,0.4,5518905758.9327,0.4,0.385253170159927,202609071,1
"catch_gear",0,4,40,41,3330028802.89071,0.4,2027264837.46498,0.4,0.385253170159927,202609071,1
"catch_gear",1,4,40,41,148750466122.645,0.4,69204223361.6931,0.4,0.385253170159927,202609071,1
"catch_gear",2,4,40,41,4368824002.46617,0.4,4831775001.22221,0.4,0.385253170159927,202609071,1
"catch_gear",3,1,40,41,699726203324.185,0.4,639486600932.76,0.4,0.385253170159927,202609071,1
"catch_gear",3,4,40,41,24301234537.1985,0.4,37409855575.902,0.4,0.385253170159927,202609071,1
"catch_gear",4,2,40,41,3583469158.79094,0.4,3471916377.7499,0.4,0.385253170159927,202609071,1
"catch_gear",4,4,40,41,117987802.926093,0.4,148571863.563437,0.4,0.385253170159927,202609071,1
"catch_gear",5,3,40,41,57650345728.8746,0.4,97496685577.125,0.4,0.385253170159927,202609071,1
"catch_gear",5,4,40,41,1639165007.30694,0.4,1412336807.16751,0.4,0.385253170159927,202609071,1
"catch_gear",6,2,40,41,48217012156.3621,0.4,38197623448.5213,0.4,0.385253170159927,202609071,1
"catch_gear",6,4,40,41,3183683634.82065,0.4,2268368593.11396,0.4,0.385253170159927,202609071,1
"catch_gear",7,3,40,41,8481335.41396177,0.4,9894407.99877957,0.4,0.385253170159927,202609071,1
"catch_gear",7,4,40,41,255833.075271221,0.4,211024.935699783,0.4,0.385253170159927,202609071,1
"catch_gear",8,2,40,41,620485573214.379,0.4,366855185112.225,0.4,0.385253170159927,202609071,1
"catch_gear",8,4,40,41,23910400944.4393,0.4,24502313163.2003,0.4,0.385253170159927,202609071,1
"catch_gear",9,3,40,41,353892332932.437,0.4,267080471520.427,0.4,0.385253170159927,202609071,1
"catch_gear",9,4,40,41,4802717409.74954,0.4,6338445217.76854,0.4,0.385253170159927,202609071,1
"catch_gear",10,3,40,41,282131782061.371,0.4,351020783509.334,0.4,0.385253170159927,202609071,1
"catch_gear",10,4,40,41,5124133986.05033,0.4,5221030857.20969,0.4,0.385253170159927,202609071,1
"catch_gear",11,3,40,41,137089753459.906,0.4,158409499395.909,0.4,0.385253170159927,202609071,1
"catch_gear",11,4,40,41,11901830599.6369,0.4,6477986405.2252,0.4,0.385253170159927,202609071,1
