run_time,date,run_name,run_dir,source,task_id,status,compare_step,standardised_step_used,standardised_loss,eligible_standardised,final_fixed_step,final_fixed_loss,n_steps_completed,input_dir,n_steps,n_time,n_eval,lr,lr_scheduler,lr_min,model_arch,hidden_width,hidden_layers,fourier_num_features,fourier_scale,fourier_include_raw_input,weight_factorization,rwf_mu,rwf_sigma,rwf_apply_to,rwf_base_init,residual_form,state_parameterization,pde_penalty,boundary_loss_form,bc_penalty,loss_weighting,time_sampling,causal_loss,causal_curriculum,causal_epsilon,causal_n_chunks,collocation_strategy,lambda_pde,lambda_ic,lambda_bc,lambda_timestep,seed
2026-05-07 08:53:09.000000,2026-05-07,20260507_085309,C:\Users\LB19\OneDrive - CEFAS\Work\mizerPINN2\runs\pde_only_single_species\20260507_085309,Development runs,,unknown,20000,,,False,,,,py_inputs_ns_first_species,2000.0,10.0,30.0,0.001,,,,64.0,3.0,,,,,,,,,log,,,,,,,,,,,,,,,,
2026-05-07 10:17:05.000000,2026-05-07,20260507_101705,C:\Users\LB19\OneDrive - CEFAS\Work\mizerPINN2\runs\pde_only_single_species\20260507_101705,Development runs,,unknown,20000,,,False,,,,py_inputs_ns_first_species,2000.0,10.0,30.0,0.001,,,,64.0,3.0,,,,,,,,,log,,,,,,,,,,,,,,,,
2026-05-07 10:20:25.000000,2026-05-07,20260507_102025,C:\Users\LB19\OneDrive - CEFAS\Work\mizerPINN2\runs\pde_only_single_species\20260507_102025,Development runs,,unknown,20000,,,False,,,,py_inputs_ns_first_species,2000.0,10.0,30.0,0.001,,,,64.0,3.0,,,,,,,,,log,,,,,,,,,,,,,,,,
2026-05-07 10:25:23.000000,2026-05-07,20260507_102523,C:\Users\LB19\OneDrive - CEFAS\Work\mizerPINN2\runs\pde_only_single_species\20260507_102523,Development runs,,unknown,20000,,,False,,,,py_inputs_ns_first_species,2000.0,10.0,30.0,0.001,,,,64.0,3.0,,,,,,,,,log,,,,,,,,,,,,,,,,
2026-05-11 17:28:28.000000,2026-05-11,20260511_172828,C:\Users\LB19\OneDrive - CEFAS\Work\mizerPINN2\runs\pde_only_single_species\20260511_172828,Development runs,,unknown,20000,,,False,,,,py_inputs_ns_first_species,2000.0,10.0,30.0,0.001,,,,64.0,3.0,,,,,,,,,log,,,,,,,,,,,,,,,,
2026-05-11 17:42:18.000000,2026-05-11,20260511_174218,C:\Users\LB19\OneDrive - CEFAS\Work\mizerPINN2\runs\pde_only_single_species\20260511_174218,Development runs,,unknown,20000,,,False,,,,py_inputs_ns_first_species,2000.0,10.0,30.0,0.001,,,,64.0,3.0,,,,,,,,,log,,,,,,,,,,,,,,,,
2026-05-12 13:01:22.000000,2026-05-12,20260512_130122,C:\Users\LB19\OneDrive - CEFAS\Work\mizerPINN2\runs\pde_only_single_species\20260512_130122,Development runs,,unknown,20000,,,False,,,,py_inputs_ns_first_species,2000.0,10.0,30.0,0.001,,,,64.0,3.0,,,,,,,,,log,,,,,,,,,,,,,,,,
2026-05-12 16:59:30.000000,2026-05-12,20260512_165930,C:\Users\LB19\OneDrive - CEFAS\Work\mizerPINN2\runs\pde_only_single_species\20260512_165930,Development runs,,unknown,20000,,,False,,,,py_inputs_ns_first_species,2000.0,10.0,30.0,0.001,,,,64.0,3.0,,,,,,,,,log,,,,,,,,,,,,,,,,
2026-05-13 10:31:08.000000,2026-05-13,20260513_103108,C:\Users\LB19\OneDrive - CEFAS\Work\mizerPINN2\runs\pde_only_single_species\20260513_103108,Development runs,,unknown,20000,,,False,,,,py_inputs_ns_first_species,2000.0,10.0,30.0,0.001,,,,64.0,3.0,,,,,,,,,log,,,,,,,,,,,,,,,,
2026-05-13 10:34:35.000000,2026-05-13,20260513_103435,C:\Users\LB19\OneDrive - CEFAS\Work\mizerPINN2\runs\pde_only_single_species\20260513_103435,Development runs,,unknown,20000,,,False,2000.0,1666.3121559553972,2000.0,py_inputs_ns_first_species,2000.0,10.0,30.0,0.001,,,,64.0,3.0,,,,,,,,,log,,,,,,,,,,,,,,,,
2026-05-14 12:38:00.000000,2026-05-14,20260514_123800,C:\Users\LB19\OneDrive - CEFAS\Work\mizerPINN2\runs\pde_only_single_species\20260514_123800,Development runs,,unknown,20000,,,False,,,,py_inputs_ns_first_species,2000.0,10.0,30.0,0.001,,,,64.0,3.0,,,,,,,,,log,,,log,,,,,,,,,,,,,
2026-05-14 12:39:10.000000,2026-05-14,20260514_123910,C:\Users\LB19\OneDrive - CEFAS\Work\mizerPINN2\runs\pde_only_single_species\20260514_123910,Development runs,,unknown,20000,,,False,2000.0,2120.5107831933665,2000.0,py_inputs_ns_first_species,2000.0,10.0,30.0,0.001,,,,64.0,3.0,,,,,,,,,log,,,log,,,,,,,,,,,,,
2026-05-14 12:41:12.000000,2026-05-14,20260514_124112,C:\Users\LB19\OneDrive - CEFAS\Work\mizerPINN2\runs\pde_only_single_species\20260514_124112,Development runs,,unknown,20000,,,False,8000.0,1965.6519827476693,8000.0,py_inputs_ns_first_species,8000.0,10.0,30.0,0.001,,,,64.0,3.0,,,,,,,,,log,,,log,,,,,,,,,,,,,
2026-05-14 15:16:49.000000,2026-05-14,20260514_151649,C:\Users\LB19\OneDrive - CEFAS\Work\mizerPINN2\runs\pde_only_single_species\20260514_151649,Development runs,,unknown,20000,,,False,8000.0,1636.407816703576,8000.0,py_inputs_ns_first_species,8000.0,16.0,80.0,0.0002,,,,64.0,3.0,,,,,,,,,log,,,log,,,,,,,,,,,,,
2026-05-15 11:38:36.000000,2026-05-15,20260515_113836,C:\Users\LB19\OneDrive - CEFAS\Work\mizerPINN2\runs\pde_only_single_species\20260515_113836,Development runs,,unknown,20000,,,False,2000.0,296.8465445135717,2000.0,py_inputs_ns_first_species,2000.0,10.0,30.0,0.001,,,,64.0,3.0,,,,,,,,,log,,,log,,,,,linear,,,,,,,,
2026-05-15 12:07:05.000000,2026-05-15,20260515_120705,C:\Users\LB19\OneDrive - CEFAS\Work\mizerPINN2\runs\pde_only_single_species\20260515_120705,Development runs,,unknown,20000,,,False,5000.0,481.4173461204449,5000.0,py_inputs_ns_first_species,5000.0,16.0,30.0,0.0003,,,,64.0,3.0,,,,,,,,,log,,,log,,,,,linear,,,,,,,,
2026-05-15 12:14:23.000000,2026-05-15,20260515_121423,C:\Users\LB19\OneDrive - CEFAS\Work\mizerPINN2\runs\pde_only_single_species\20260515_121423,Development runs,,unknown,20000,,,False,8000.0,560.2507771330239,8000.0,py_inputs_ns_first_species,8000.0,16.0,30.0,0.0003,,,,64.0,3.0,,,,,,,,,log,,,log,,,,,linear,,,,,,,,
2026-05-15 12:56:47.000000,2026-05-15,20260515_125647,C:\Users\LB19\OneDrive - CEFAS\Work\mizerPINN2\runs\pde_only_single_species\20260515_125647,Development runs,,unknown,20000,,,False,1.0,8833.358868047244,1.0,py_inputs_ns_first_species,5000.0,24.0,30.0,0.0001,,,,64.0,3.0,,,,,,,,,log,,,log,,,,,linear,,,,1.0,1.0,0.0,,
2026-05-15 13:01:18.000000,2026-05-15,20260515_130118,C:\Users\LB19\OneDrive - CEFAS\Work\mizerPINN2\runs\pde_only_single_species\20260515_130118,Development runs,,unknown,20000,,,False,5000.0,7590.300110857701,5000.0,py_inputs_ns_first_species,5000.0,24.0,30.0,0.0001,,,,64.0,3.0,,,,,,,,,log,,,log,,,,,linear,,,,1.0,1.0,0.0,,
2026-05-15 14:09:03.000000,2026-05-15,20260515_140903,C:\Users\LB19\OneDrive - CEFAS\Work\mizerPINN2\runs\pde_only_single_species\20260515_140903,Development runs,,unknown,20000,,,False,3000.0,7660.011914105986,3000.0,py_inputs_ns_first_species,3000.0,24.0,30.0,0.0001,,,,64.0,3.0,,,,,,,,,log,,,log,,,,,linear,,,,1.0,1.0,1e-05,,
2026-05-15 14:13:32.000000,2026-05-15,20260515_141332,C:\Users\LB19\OneDrive - CEFAS\Work\mizerPINN2\runs\pde_only_single_species\20260515_141332,Development runs,,unknown,20000,,,False,3000.0,7866.289065503895,3000.0,py_inputs_ns_first_species,3000.0,24.0,30.0,3e-05,,,,64.0,3.0,,,,,,,,,log,,,log,,,,,linear,,,,1.0,1.0,0.0,,
2026-05-15 14:18:22.000000,2026-05-15,20260515_141822,C:\Users\LB19\OneDrive - CEFAS\Work\mizerPINN2\runs\pde_only_single_species\20260515_141822,Development runs,,unknown,20000,,,False,2000.0,7800.789864667767,2000.0,py_inputs_ns_first_species,2000.0,24.0,30.0,0.0001,,,,64.0,3.0,,,,,,,,,log,,,log,,,,,linear,,,,1.0,1.0,1e-05,,
2026-05-19 14:50:38.000000,2026-05-19,20260519_145038,C:\Users\LB19\OneDrive - CEFAS\Work\mizerPINN2\runs\pde_only_single_species\20260519_145038,Development runs,,unknown,20000,,,False,,,,validation/fixtures/pde_single_species,12.0,10.0,30.0,0.001,,,,64.0,3.0,,,,,,,,,log,,,log,,,,,linear,,,,1.0,1.0,0.0,,
2026-05-19 14:52:43.000000,2026-05-19,20260519_145243,C:\Users\LB19\OneDrive - CEFAS\Work\mizerPINN2\runs\pde_only_single_species\20260519_145243,Development runs,,unknown,20000,,,False,12.0,8694.258020313497,12.0,validation/fixtures/pde_single_species,12.0,10.0,30.0,0.001,,,,64.0,3.0,,,,,,,,,log,,,log,,,,,linear,,,,1.0,1.0,0.0,,
2026-05-20 11:48:27.000000,2026-05-20,20260520_114827,C:\Users\LB19\OneDrive - CEFAS\Work\mizerPINN2\runs\pde_only_single_species\20260520_114827,Development runs,,unknown,20000,,,False,,,,validation/fixtures/pde_single_species,2000.0,10.0,30.0,0.001,,,,64.0,3.0,,,,,,,,,log,,,log,,,,,linear,,,,1.0,1.0,0.0,1.0,
2026-05-20 11:49:46.000000,2026-05-20,20260520_114946,C:\Users\LB19\OneDrive - CEFAS\Work\mizerPINN2\runs\pde_only_single_species\20260520_114946,Development runs,,unknown,20000,,,False,1750.0,6582.627739182097,1750.0,validation/fixtures/pde_single_species,2000.0,10.0,30.0,0.001,,,,64.0,3.0,,,,,,,,,log,,,log,,,,,linear,,,,1.0,1.0,0.0,1.0,
2026-05-20 16:23:21.000000,2026-05-20,20260520_162321,C:\Users\LB19\OneDrive - CEFAS\Work\mizerPINN2\runs\pde_only_single_species\20260520_162321,Development runs,,unknown,20000,,,False,1550.0,6506.535471302495,1550.0,validation/fixtures/pde_single_species,2000.0,10.0,30.0,0.001,,,,64.0,3.0,,,,,,,,,log,,,log,,,,,linear,,,,1.0,1.0,0.0,1.0,
2026-05-20 16:28:07.000000,2026-05-20,20260520_162807,C:\Users\LB19\OneDrive - CEFAS\Work\mizerPINN2\runs\pde_only_single_species\20260520_162807,Development runs,,unknown,20000,,,False,2000.0,6508.07035509984,2000.0,validation/fixtures/pde_single_species,2000.0,10.0,30.0,0.001,,,,64.0,3.0,,,,,,,,,log,,,log,,,,,linear,,,,1.0,1.0,0.0,1.0,
2026-05-20 16:42:40.000000,2026-05-20,20260520_164240,C:\Users\LB19\OneDrive - CEFAS\Work\mizerPINN2\runs\pde_only_single_species\20260520_164240,Development runs,,unknown,20000,,,False,2000.0,8802.288575242377,2000.0,validation/fixtures/pde_single_species,2000.0,10.0,30.0,0.001,,,,64.0,3.0,,,,,,,,,log,,,log,,,,,linear,,,,1.0,1.0,0.0,1.0,
2026-05-20 16:52:58.000000,2026-05-20,20260520_165258,C:\Users\LB19\OneDrive - CEFAS\Work\mizerPINN2\runs\pde_only_single_species\20260520_165258,Development runs,,unknown,20000,,,False,2000.0,8871.265810908453,2000.0,validation/fixtures/pde_single_species,2000.0,20.0,30.0,0.001,,,,64.0,3.0,,,,,,,,,log,,,log,,,,,step,,,,1.0,1.0,0.0,1.0,
2026-05-21 10:01:20.000000,2026-05-21,20260521_100120,C:\Users\LB19\OneDrive - CEFAS\Work\mizerPINN2\runs\pde_only_single_species\20260521_100120,Development runs,,unknown,20000,,,False,2000.0,3673.3195244836634,2000.0,validation/fixtures/pde_single_species,2000.0,24.0,40.0,0.001,,,,64.0,3.0,,,,,,,,,log,,,log,,,,,step,,,,1.0,1.0,1.0,1.0,
2026-05-21 11:45:00.000000,2026-05-21,20260521_114500,C:\Users\LB19\OneDrive - CEFAS\Work\mizerPINN2\runs\pde_only_single_species\20260521_114500,Development runs,,unknown,20000,,,False,2000.0,14044557.252972126,2000.0,validation/fixtures/pde_single_species,2000.0,10.0,30.0,0.001,,,,64.0,3.0,,,,,,,,,physical,,,log,,,,,linear,,,,1.0,1.0,0.0,0.0,
2026-05-21 12:05:27.000000,2026-05-21,20260521_120527,C:\Users\LB19\OneDrive - CEFAS\Work\mizerPINN2\runs\pde_only_single_species\20260521_120527,Development runs,,unknown,20000,,,False,2000.0,16367467.18536888,2000.0,validation/fixtures/pde_single_species,2000.0,10.0,30.0,0.001,,,,64.0,3.0,,,,,,,,,physical,,,log,,,,,linear,,,,1.0,1.0,0.0,0.0,
2026-05-21 14:45:26.000000,2026-05-21,20260521_144526,C:\Users\LB19\OneDrive - CEFAS\Work\mizerPINN2\runs\pde_only_single_species\20260521_144526,Development runs,,unknown,20000,,,False,2000.0,14857997.45094018,2000.0,validation/fixtures/pde_single_species,2000.0,10.0,30.0,0.001,,,,64.0,3.0,,,,,,,,,physical,,,log,,,,,linear,,,,1.0,1.0,0.0,0.0,
2026-05-21 15:20:03.000000,2026-05-21,20260521_152003,C:\Users\LB19\OneDrive - CEFAS\Work\mizerPINN2\runs\pde_only_single_species\20260521_152003,Development runs,,unknown,20000,,,False,2000.0,521380.5494889037,2000.0,validation/fixtures/pde_single_species,2000.0,10.0,30.0,0.001,,,,64.0,3.0,,,,,,,,,physical,,,log,,,,,linear,,,,1.0,1.0,1.0,0.0,
2026-05-21 16:26:48.000000,2026-05-21,20260521_162648,C:\Users\LB19\OneDrive - CEFAS\Work\mizerPINN2\runs\pde_only_single_species\20260521_162648,Development runs,,unknown,20000,,,False,1.0,3.751366664984538e+21,1.0,validation/fixtures/pde_single_species,1.0,10.0,30.0,0.001,,,,64.0,3.0,,,,,,,,,physical,,,physical,,,,,linear,,,,1.0,1.0,1.0,0.0,
2026-05-28 11:16:30.000000,2026-05-28,20260528_111630,C:\Users\LB19\OneDrive - CEFAS\Work\mizerPINN2\runs\pde_only_single_species\20260528_111630,Development runs,,unknown,20000,20000.0,1523.3656462976878,True,20000.0,1523.3656462976878,20000.0,validation/fixtures/pde_single_species,20000.0,20.0,30.0,0.0003,,,,64.0,3.0,,,,,,,,,log,,,log,,,,,step,,,,1.0,1.0,1.0,1.0,
2026-05-28 15:28:38.000000,2026-05-28,20260528_152838,C:\Users\LB19\OneDrive - CEFAS\Work\mizerPINN2\runs\pde_only_single_species\20260528_152838,Development runs,,unknown,20000,,,False,2000.0,7629.400896488477,2000.0,validation/fixtures/pde_single_species,2000.0,10.0,30.0,0.001,,,,64.0,3.0,,,,,,,,,log,,,log,,,,,linear,,,,1.0,1.0,0.0,0.0,
2026-05-28 15:58:14.000000,2026-05-28,20260528_155814,C:\Users\LB19\OneDrive - CEFAS\Work\mizerPINN2\runs\pde_only_single_species\20260528_155814,Development runs,,unknown,20000,,,False,,,,,,,,,,,,,,,,,,,,,,,,,,,,,,,,,,,,,,
2026-05-28 16:01:22.000000,2026-05-28,20260528_160122,C:\Users\LB19\OneDrive - CEFAS\Work\mizerPINN2\runs\pde_only_single_species\20260528_160122,Development runs,,unknown,20000,,,False,2000.0,7952.014357710999,2000.0,validation/fixtures/pde_single_species,2000.0,10.0,30.0,0.001,,,,64.0,3.0,,,,,,,,,log,,,log,,,,,linear,,,,1.0,1.0,0.0,0.0,
2026-05-29 12:59:17.000000,2026-05-29,20260529_125917,C:\Users\LB19\OneDrive - CEFAS\Work\mizerPINN2\runs\pde_only_single_species\20260529_125917,Development runs,,unknown,20000,,,False,2000.0,7957.454919984829,2000.0,validation/fixtures/pde_single_species,2000.0,10.0,30.0,0.001,,,,64.0,3.0,,,,,,,,,log,,,log,,,,,off,,,r3,1.0,1.0,0.0,0.0,
2026-05-29 14:07:29.000000,2026-05-29,20260529_140729,C:\Users\LB19\OneDrive - CEFAS\Work\mizerPINN2\runs\pde_only_single_species\20260529_140729,Development runs,,unknown,20000,,,False,1.0,8847.74599851926,1.0,validation/fixtures/pde_single_species,3.0,10.0,30.0,0.001,,,,64.0,3.0,,,,,,,,,log,,,log,,,,,off,,,r3,1.0,1.0,0.0,0.0,
2026-05-29 14:17:06.000000,2026-05-29,20260529_141706,C:\Users\LB19\OneDrive - CEFAS\Work\mizerPINN2\runs\pde_only_single_species\20260529_141706,Development runs,,unknown,20000,,,False,2000.0,7981.357340609654,2000.0,validation/fixtures/pde_single_species,2000.0,10.0,30.0,0.001,,,,64.0,3.0,,,,,,,,,log,,,log,,,,,linear,,,r3,1.0,1.0,0.0,0.0,
2026-05-29 15:39:20.000000,2026-05-29,20260529_153920,C:\Users\LB19\OneDrive - CEFAS\Work\mizerPINN2\runs\pde_only_single_species\20260529_153920,Development runs,,unknown,20000,,,False,2000.0,7981.023413689164,2000.0,validation/fixtures/pde_single_species,2000.0,10.0,30.0,0.001,,,,64.0,3.0,,,,,,,,,log,,,log,,,,,linear,,,r3,1.0,1.0,0.0,0.0,
2026-05-29 16:01:41.000000,2026-05-29,20260529_160141,C:\Users\LB19\OneDrive - CEFAS\Work\mizerPINN2\runs\pde_only_single_species\20260529_160141,Development runs,,unknown,20000,,,False,2000.0,321781.7120149394,2000.0,validation/fixtures/pde_single_species,2000.0,10.0,30.0,0.001,,,,64.0,3.0,,,,,,,,,log,,,log,,,,,linear,,,r3,1.0,1.0,1.0,0.0,
2026-05-29 16:08:57.000000,2026-05-29,20260529_160857,C:\Users\LB19\OneDrive - CEFAS\Work\mizerPINN2\runs\pde_only_single_species\20260529_160857,Development runs,,unknown,20000,,,False,2000.0,180620.52761798515,2000.0,validation/fixtures/pde_single_species,2000.0,10.0,30.0,0.001,,,,64.0,3.0,,,,,,,,,log,,,log,,,,,linear,,,causal-r3,1.0,1.0,1.0,0.0,
2026-05-29 16:27:13.000000,2026-05-29,20260529_162713,C:\Users\LB19\OneDrive - CEFAS\Work\mizerPINN2\runs\pde_only_single_species\20260529_162713,Development runs,,unknown,20000,,,False,5000.0,7233.636486233929,5000.0,validation/fixtures/pde_single_species,5000.0,10.0,30.0,0.0003,,,,64.0,3.0,,,,,,,,,log,,,log,,,,,off,,,causal-r3,5.0,5.0,1.0,0.0,
2026-05-29 16:56:53.000000,2026-05-29,20260529_165653,C:\Users\LB19\OneDrive - CEFAS\Work\mizerPINN2\runs\pde_only_single_species\20260529_165653,Development runs,,unknown,20000,,,False,3000.0,9940.035029049335,3000.0,validation/fixtures/pde_single_species,3000.0,20.0,80.0,0.0003,,,,64.0,3.0,,,,,,,,,log,,,log,,,,,linear,,,uniform,1.0,100.0,100.0,0.0,
2026-06-01 09:46:19.000000,2026-06-01,20260601_094619,C:\Users\LB19\OneDrive - CEFAS\Work\mizerPINN2\runs\pde_only_single_species\20260601_094619,Development runs,,unknown,20000,,,False,,,,validation/fixtures/pde_single_species,2000.0,30.0,50.0,0.0003,,,,64.0,3.0,,,,,,,,,log,,,log,,,,,off,,,causal-r3,1.0,1.0,0.001,0.0001,
2026-06-01 09:55:16.000000,2026-06-01,20260601_095516,C:\Users\LB19\OneDrive - CEFAS\Work\mizerPINN2\runs\pde_only_single_species\20260601_095516,Development runs,,unknown,20000,,,False,2000.0,8301.991568053763,2000.0,validation/fixtures/pde_single_species,2000.0,30.0,50.0,0.0003,,,,64.0,3.0,,,,,,,,,log,,,log,,,,,off,,,causal-r3,1.0,1.0,0.001,0.0001,
2026-06-01 10:04:10.000000,2026-06-01,20260601_100410,C:\Users\LB19\OneDrive - CEFAS\Work\mizerPINN2\runs\pde_only_single_species\20260601_100410,Development runs,,unknown,20000,20000.0,7952.181451402286,True,20000.0,7952.181451402286,20000.0,validation/fixtures/pde_single_species,20000.0,30.0,50.0,0.0003,,,,64.0,3.0,,,,,,,,,log,,,log,,,,,off,,,causal-r3,1.0,1.0,0.001,0.0001,
2026-06-01 11:38:16.000000,2026-06-01,20260601_113816,C:\Users\LB19\OneDrive - CEFAS\Work\mizerPINN2\runs\pde_only_single_species\20260601_113816,Development runs,,unknown,20000,,,False,,,,validation/fixtures/pde_single_species,2000.0,30.0,50.0,0.0003,,,,64.0,3.0,,,,,,,,,log,,,log,,,,,off,,,causal-r3,1.0,1.0,0.001,0.0001,
2026-06-01 11:40:56.000000,2026-06-01,20260601_114056,C:\Users\LB19\OneDrive - CEFAS\Work\mizerPINN2\runs\pde_only_single_species\20260601_114056,Development runs,,unknown,20000,,,False,2000.0,6630.110020288269,2000.0,validation/fixtures/pde_single_species,2000.0,30.0,50.0,0.0003,,,,64.0,3.0,,,,,,,,,log,,,log,,,,,off,,,causal-r3,1.0,1.0,0.001,0.0001,
2026-06-01 11:52:33.000000,2026-06-01,20260601_115233,C:\Users\LB19\OneDrive - CEFAS\Work\mizerPINN2\runs\pde_only_single_species\20260601_115233,Development runs,,unknown,20000,,,False,2000.0,6060.98789300835,2000.0,validation/fixtures/pde_single_species,2000.0,30.0,50.0,0.0003,,,,64.0,3.0,,,,,,,,,log,,,log,,,,,step,,,r3,1.0,1.0,0.001,0.0,
2026-06-01 12:03:40.000000,2026-06-01,20260601_120340,C:\Users\LB19\OneDrive - CEFAS\Work\mizerPINN2\runs\pde_only_single_species\20260601_120340,Development runs,,unknown,20000,,,False,500.0,7692.487499706205,500.0,validation/fixtures/pde_single_species,500.0,30.0,50.0,0.0003,,,,64.0,3.0,,,,,,,,,log,,,log,,,,,step,,,r3,1.0,1.0,0.001,0.0,
2026-06-01 12:19:51.000000,2026-06-01,20260601_121951,C:\Users\LB19\OneDrive - CEFAS\Work\mizerPINN2\runs\pde_only_single_species\20260601_121951,Development runs,,unknown,20000,,,False,100.0,8187.532127098716,100.0,validation/fixtures/pde_single_species,100.0,30.0,50.0,0.0003,,,,64.0,3.0,,,,,,,,,log,,,log,,,,,step,,,r3,1.0,1.0,0.001,0.0,
2026-06-01 12:30:31.000000,2026-06-01,20260601_123031,C:\Users\LB19\OneDrive - CEFAS\Work\mizerPINN2\runs\pde_only_single_species\20260601_123031,Development runs,,unknown,20000,,,False,100.0,8106.452898672889,100.0,validation/fixtures/pde_single_species,100.0,30.0,50.0,0.0003,,,,64.0,3.0,,,,,,,,,log,,,log,,,,,step,,,r3,1.0,1.0,0.001,0.0,
2026-06-01 15:58:41.000000,2026-06-01,20260601_155841,C:\Users\LB19\OneDrive - CEFAS\Work\mizerPINN2\runs\pde_only_single_species\20260601_155841,Development runs,,unknown,20000,,,False,100.0,265.4208442725844,100.0,validation/fixtures/pde_single_species,100.0,30.0,50.0,0.0003,,,,64.0,3.0,,,,,,,,,log,,,log,,,,,step,,,r3,1.0,1.0,0.001,0.0,
2026-06-01 16:03:06.000000,2026-06-01,20260601_160306,C:\Users\LB19\OneDrive - CEFAS\Work\mizerPINN2\runs\pde_only_single_species\20260601_160306,Development runs,,unknown,20000,,,False,100.0,237.69858861199367,100.0,validation/fixtures/pde_single_species,100.0,30.0,50.0,0.0003,,,,64.0,3.0,,,,,,,,,log,,,log,,,,,step,,,r3,1.0,1.0,0.001,0.0,
2026-06-01 16:14:51.000000,2026-06-01,20260601_161451,C:\Users\LB19\OneDrive - CEFAS\Work\mizerPINN2\runs\pde_only_single_species\20260601_161451,Development runs,,unknown,20000,,,False,2000.0,35030.8649230005,2000.0,validation/fixtures/pde_single_species,2000.0,30.0,50.0,0.0003,,,,64.0,3.0,,,,,,,,,log,,,log,,,,,step,,,causal-r3,1.0,1.0,0.5,0.0,
2026-06-02 11:42:57.000000,2026-06-02,20260602_114257,C:\Users\LB19\OneDrive - CEFAS\Work\mizerPINN2\runs\pde_only_single_species\20260602_114257,Development runs,,unknown,20000,,,False,400.0,3.0333676445113493e+32,400.0,validation/fixtures/pde_single_species,400.0,30.0,50.0,0.0003,,,,64.0,3.0,,,,,,,,,log,,,physical,,,,,step,,,causal-r3,1.0,1.0,0.5,0.0,
2026-06-02 11:45:07.000000,2026-06-02,20260602_114507,C:\Users\LB19\OneDrive - CEFAS\Work\mizerPINN2\runs\pde_only_single_species\20260602_114507,Development runs,,unknown,20000,,,False,400.0,1.0801064235906013,400.0,validation/fixtures/pde_single_species,400.0,30.0,50.0,0.0003,,,,64.0,3.0,,,,,,,,,log,,,relative,,,,,step,,,causal-r3,1.0,1.0,0.5,0.0,
2026-06-02 11:53:58.000000,2026-06-02,20260602_115358,C:\Users\LB19\OneDrive - CEFAS\Work\mizerPINN2\runs\pde_only_single_species\20260602_115358,Development runs,,unknown,20000,,,False,400.0,1.266239031353258,400.0,validation/fixtures/pde_single_species,400.0,30.0,50.0,0.0003,,,,64.0,3.0,,,,,,,,,log,,,relative,,,,,step,,,causal-r3,1.0,1.0,0.5,0.0,
2026-06-02 12:24:00.000000,2026-06-02,20260602_122400,C:\Users\LB19\OneDrive - CEFAS\Work\mizerPINN2\runs\pde_only_single_species\20260602_122400,Development runs,,unknown,20000,,,False,4000.0,1.0595869226880323,4000.0,validation/fixtures/pde_single_species,4000.0,30.0,50.0,0.0003,,,,64.0,3.0,,,,,,,,,log,,,relative,,,,,step,,,causal-r3,1.0,1.0,0.5,0.0,
2026-06-02 13:56:31.000000,2026-06-02,20260602_135631,C:\Users\LB19\OneDrive - CEFAS\Work\mizerPINN2\runs\pde_only_single_species\20260602_135631,Development runs,,unknown,20000,,,False,4000.0,0.7995270707559332,4000.0,validation/fixtures/pde_single_species,4000.0,30.0,50.0,0.0003,,,,64.0,3.0,,,,,,,,,log,,,relative,,,,,step,,,causal-r3,1.0,1.0,0.5,0.0,
2026-06-02 14:58:44.000000,2026-06-02,20260602_145844,C:\Users\LB19\OneDrive - CEFAS\Work\mizerPINN2\runs\pde_only_single_species\20260602_145844,Development runs,,unknown,20000,,,False,200.0,71403431458.5478,200.0,validation/fixtures/pde_single_species,200.0,30.0,50.0,0.0003,,,,64.0,3.0,,,,,,,,,physical,,,relative,,,,,step,,,causal-r3,1.0,1.0,0.5,0.0,
2026-06-02 15:19:06.000000,2026-06-02,20260602_151906,C:\Users\LB19\OneDrive - CEFAS\Work\mizerPINN2\runs\pde_only_single_species\20260602_151906,Development runs,,unknown,20000,,,False,4000.0,1845194741.036298,4000.0,validation/fixtures/pde_single_species,4000.0,30.0,50.0,0.0003,,,,64.0,3.0,,,,,,,,,physical,,,relative,,,,,step,,,causal-r3,1.0,1.0,0.0,0.0,
2026-06-03 12:21:42.000000,2026-06-03,20260603_122142,C:\Users\LB19\OneDrive - CEFAS\Work\mizerPINN2\runs\pde_only_single_species\20260603_122142,Development runs,,unknown,20000,,,False,1.0,3266.507310747403,1.0,validation/fixtures/pde_single_species,2.0,10.0,30.0,0.001,,,,64.0,3.0,,,,,,,,,log,,,relative,,,,,linear,,,uniform,1.0,1.0,1.0,0.0,
2026-06-03 12:23:07.000000,2026-06-03,20260603_122307,C:\Users\LB19\OneDrive - CEFAS\Work\mizerPINN2\runs\pde_only_single_species\20260603_122307,Development runs,,unknown,20000,,,False,2000.0,2.7722242637811005,2000.0,validation/fixtures/pde_single_species,2000.0,10.0,30.0,0.001,,,,64.0,3.0,,,,,,,,,log,,,relative,,,,,linear,,,uniform,1.0,1.0,1.0,0.0,
2026-06-03 12:31:33.000000,2026-06-03,20260603_123133 - also best,C:\Users\LB19\OneDrive - CEFAS\Work\mizerPINN2\runs\pde_only_single_species\20260603_123133 - also best,Development runs,,unknown,20000,20000.0,0.0518857039688326,True,40000.0,0.0471638188211878,40000.0,validation/fixtures/pde_single_species,40000.0,10.0,30.0,0.0003,,,,64.0,3.0,,,,,,,,,log,,,relative,,,,,linear,,,r3,1.0,1.0,1.0,0.0,
2026-06-03 13:22:36.000000,2026-06-03,20260603_132236,C:\Users\LB19\OneDrive - CEFAS\Work\mizerPINN2\runs\pde_only_single_species\20260603_132236,Development runs,,unknown,20000,20000.0,0.8482064426684484,True,40000.0,0.2422008721649135,40000.0,validation/fixtures/pde_single_species,40000.0,10.0,30.0,0.0003,,,,64.0,3.0,,,,,,,,,log,,,relative,,,,,linear,,,r3,1.0,1.0,1.0,0.0,
2026-06-03 14:28:39.000000,2026-06-03,20260603_142839,C:\Users\LB19\OneDrive - CEFAS\Work\mizerPINN2\runs\pde_only_single_species\20260603_142839,Development runs,,unknown,20000,20000.0,35.582627208568674,True,40000.0,74.18377002571697,40000.0,validation/fixtures/pde_single_species,40000.0,10.0,30.0,3e-05,,,,64.0,3.0,,,,,,,,,log,,,relative,,,,,linear,,,causal-r3,1.0,1.0,1.0,0.3,
2026-06-03 16:27:24.000000,2026-06-03,20260603_162724,C:\Users\LB19\OneDrive - CEFAS\Work\mizerPINN2\runs\pde_only_single_species\20260603_162724,Development runs,,unknown,20000,20000.0,0.3585378792953822,True,40000.0,0.2445084869332807,40000.0,validation/fixtures/pde_single_species,40000.0,10.0,30.0,3e-05,,,,64.0,3.0,,,,,,,,,log,,,relative,,,,,linear,,,causal-r3,1.0,1.0,1.0,0.0,
2026-06-04 09:28:51.000000,2026-06-04,20260604_092851,C:\Users\LB19\OneDrive - CEFAS\Work\mizerPINN2\runs\pde_only_single_species\20260604_092851,Development runs,,unknown,20000,20000.0,0.0230248384378636,True,40000.0,0.0240201157193146,40000.0,validation/fixtures/pde_single_species,40000.0,20.0,30.0,0.0003,,,,64.0,3.0,,,,,,,,,log,,,relative,,,,,off,,,causal-r3,1.0,1.0,1.0,0.0,
2026-06-04 10:56:04.000000,2026-06-04,20260604_105604,C:\Users\LB19\OneDrive - CEFAS\Work\mizerPINN2\runs\pde_only_single_species\20260604_105604,Development runs,,unknown,20000,20000.0,0.0229264892740262,True,40000.0,0.0245005853628248,40000.0,validation/fixtures/pde_single_species,40000.0,20.0,30.0,0.0003,,,,64.0,3.0,,,,,,,,,log,,,relative,,,,,linear,,,r3,1.0,1.0,1.0,0.0,
2026-06-04 13:24:16.000000,2026-06-04,20260604_132416,C:\Users\LB19\OneDrive - CEFAS\Work\mizerPINN2\runs\pde_only_single_species\20260604_132416,Development runs,,unknown,20000,20000.0,0.0228063474496899,True,40000.0,0.0202638329496161,40000.0,validation/fixtures/pde_single_species,40000.0,30.0,60.0,0.0003,,,,64.0,3.0,,,,,,,,,log,,,relative,,,,,linear,,,r3,1.0,1.0,1.0,0.0,
2026-06-04 15:02:26.000000,2026-06-04,20260604_150226,C:\Users\LB19\OneDrive - CEFAS\Work\mizerPINN2\runs\pde_only_single_species\20260604_150226,Development runs,,unknown,20000,20000.0,0.0239686503745732,True,40000.0,0.0218854723611729,40000.0,validation/fixtures/pde_single_species,40000.0,20.0,30.0,0.0003,,,,64.0,3.0,,,,,,,,,log,,,relative,,,,,linear,,,r3,1.0,1.0,1.0,0.0001,
2026-06-04 15:03:25.000000,2026-06-04,20260604_150325,C:\Users\LB19\OneDrive - CEFAS\Work\mizerPINN2\runs\pde_only_single_species\20260604_150325,Development runs,,unknown,20000,20000.0,0.4936431012593774,True,40000.0,1.1315258064854232,40000.0,validation/fixtures/pde_single_species,40000.0,20.0,30.0,0.0003,,,,64.0,3.0,,,,,,,,,log,,,relative,,,,,linear,,,r3,1.0,1.0,1.0,0.0001,
2026-06-04 16:15:51.000000,2026-06-04,20260604_161551,C:\Users\LB19\OneDrive - CEFAS\Work\mizerPINN2\runs\pde_only_single_species\20260604_161551,Development runs,,unknown,20000,20000.0,0.0260858618389103,True,40000.0,0.02387445754683,40000.0,validation/fixtures/pde_single_species,40000.0,10.0,30.0,0.0003,,,,64.0,3.0,,,,,,,,,log,,,relative,,,,,linear,,,r3,1.0,1.0,1.0,0.0,
2026-06-05 08:56:19.000000,2026-06-05,20260605_085619,C:\Users\LB19\OneDrive - CEFAS\Work\mizerPINN2\runs\pde_only_single_species\20260605_085619,Development runs,,unknown,20000,20000.0,0.4341342208078452,True,40000.0,2.396442755333738,40000.0,validation/fixtures/pde_single_species,40000.0,10.0,30.0,0.0003,,,,64.0,3.0,,,,,,,,,log,,,relative,,,,,linear,,,r3,1.0,1.0,1.0,0.0,
2026-06-05 09:43:44.000000,2026-06-05,20260605_094344,C:\Users\LB19\OneDrive - CEFAS\Work\mizerPINN2\runs\pde_only_single_species\20260605_094344,Development runs,,unknown,20000,,,False,10000.0,0.3255806645775599,10000.0,validation/fixtures/pde_single_species,10000.0,10.0,30.0,0.0003,,,,64.0,3.0,,,,,,,,,log,,,relative,,,,,linear,,,r3,1.0,1.0,1.0,0.0,
2026-06-05 10:58:10.000000,2026-06-05,20260605_105810,C:\Users\LB19\OneDrive - CEFAS\Work\mizerPINN2\runs\pde_only_single_species\20260605_105810,Development runs,,unknown,20000,,,False,10000.0,0.0520560882565782,10000.0,validation/fixtures/pde_single_species,10000.0,10.0,30.0,0.0003,,,,64.0,3.0,,,,,,,,,log,,,relative,,,,,linear,,,r3,1.0,1.0,1.0,0.0,
2026-06-05 11:06:16.000000,2026-06-05,20260605_110616,C:\Users\LB19\OneDrive - CEFAS\Work\mizerPINN2\runs\pde_only_single_species\20260605_110616,Development runs,,unknown,20000,,,False,250.0,3.4950718740602067,250.0,validation/fixtures/pde_single_species,10000.0,10.0,30.0,0.0003,,,,64.0,3.0,,,,,,,,,log,,,relative,,,,,linear,,,r3,1.0,1.0,1.0,0.0,
2026-06-05 11:06:48.000000,2026-06-05,20260605_110648,C:\Users\LB19\OneDrive - CEFAS\Work\mizerPINN2\runs\pde_only_single_species\20260605_110648,Development runs,,unknown,20000,,,False,10000.0,0.0520560882565782,10000.0,validation/fixtures/pde_single_species,10000.0,10.0,30.0,0.0003,,,,64.0,3.0,,,,,,,,,log,,,relative,,,,,linear,,,r3,1.0,1.0,1.0,0.0,
2026-06-05 11:45:20.000000,2026-06-05,20260605_114520,C:\Users\LB19\OneDrive - CEFAS\Work\mizerPINN2\runs\pde_only_single_species\20260605_114520,Development runs,,unknown,20000,,,False,,,,,40000.0,10.0,30.0,0.0003,,,,,,,,,,,,,,log,,,relative,,,,,,,,r3,1.0,1.0,1.0,0.0,
2026-06-05 11:45:52.000000,2026-06-05,20260605_114552,C:\Users\LB19\OneDrive - CEFAS\Work\mizerPINN2\runs\pde_only_single_species\20260605_114552,Development runs,,unknown,20000,20000.0,0.348109473797299,True,40000.0,0.9608822971955494,40000.0,validation/fixtures/pde_single_species,40000.0,10.0,30.0,0.0003,,,,64.0,3.0,,,,,,,,,log,,,relative,,,,,linear,,,r3,1.0,1.0,1.0,0.0,
2026-06-05 12:32:33.000000,2026-06-05,20260605_123233,C:\Users\LB19\OneDrive - CEFAS\Work\mizerPINN2\runs\pde_only_single_species\20260605_123233,Development runs,,unknown,20000,,,False,10000.0,0.1788024039266149,10000.0,validation/fixtures/pde_single_species,10000.0,10.0,30.0,0.0003,,,,64.0,3.0,,,,,,,,,log,,,relative,,,,,linear,,,r3,1.0,1.0,1.0,0.0,
2026-06-05 13:20:24.000000,2026-06-05,20260605_132024,C:\Users\LB19\OneDrive - CEFAS\Work\mizerPINN2\runs\pde_only_single_species\20260605_132024,Development runs,,unknown,20000,20000.0,9.173898969387205,True,40000.0,1.603264335139032,40000.0,validation/fixtures/pde_single_species,40000.0,10.0,30.0,0.0003,,,,64.0,3.0,,,,,,,,,log,,,relative,,,,,off,,,causal-r3,1.0,1.0,1.0,0.0,
2026-06-05 14:00:23.000000,2026-06-05,20260605_140023,C:\Users\LB19\OneDrive - CEFAS\Work\mizerPINN2\runs\pde_only_single_species\20260605_140023,Development runs,,unknown,20000,20000.0,0.0293231720830593,True,40000.0,0.0252613994941773,40000.0,validation/fixtures/pde_single_species,40000.0,10.0,30.0,0.0003,,,,64.0,3.0,,,,,,,,,log,,,relative,,,,,linear,,,r3,1.0,1.0,1.0,0.0,
2026-06-05 14:46:07.000000,2026-06-05,20260605_144607,C:\Users\LB19\OneDrive - CEFAS\Work\mizerPINN2\runs\pde_only_single_species\20260605_144607,Development runs,,unknown,20000,20000.0,0.1510282399605301,True,40000.0,0.1283470332080293,40000.0,validation/fixtures/pde_single_species,40000.0,10.0,30.0,0.0003,,,,64.0,3.0,,,,,,,,,log,,,relative,,,,,linear,,,r3,1.0,1.0,1.0,0.0,
2026-06-08 09:40:54.000000,2026-06-08,20260608_094054,C:\Users\LB19\OneDrive - CEFAS\Work\mizerPINN2\runs\pde_only_single_species\20260608_094054,Development runs,,unknown,20000,20000.0,0.1604740118652545,True,20000.0,0.1604740118652545,20000.0,validation/fixtures/pde_single_species,20000.0,15.0,30.0,0.0003,,,,64.0,3.0,,,,,,,,,log,,,relative,,,,,linear,,,r3,1.0,1.0,1.0,0.0,
2026-06-08 10:02:17.000000,2026-06-08,20260608_100217,C:\Users\LB19\OneDrive - CEFAS\Work\mizerPINN2\runs\pde_only_single_species\20260608_100217,Development runs,,unknown,20000,20000.0,34.8325147826216,True,20000.0,34.8325147826216,20000.0,validation/fixtures/pde_single_species,20000.0,15.0,30.0,0.0003,,,,64.0,128.0,,,,,,,,,log,,,relative,,,,,linear,,,r3,1.0,1.0,1.0,0.0,
2026-06-08 12:14:01.000000,2026-06-08,20260608_121401,C:\Users\LB19\OneDrive - CEFAS\Work\mizerPINN2\runs\pde_only_single_species\20260608_121401,Development runs,,unknown,20000,20000.0,0.1169886505250512,True,20000.0,0.1169886505250512,20000.0,validation/fixtures/pde_single_species,20000.0,15.0,30.0,0.0003,,,,128.0,3.0,,,,,,,,,log,,,relative,,,,,linear,,,r3,1.0,1.0,1.0,0.0,
2026-06-08 12:37:59.000000,2026-06-08,20260608_123759,C:\Users\LB19\OneDrive - CEFAS\Work\mizerPINN2\runs\pde_only_single_species\20260608_123759,Development runs,,unknown,20000,20000.0,0.6074038150911468,True,20000.0,0.6074038150911468,20000.0,validation/fixtures/pde_single_species,20000.0,15.0,30.0,0.0003,,,,128.0,4.0,,,,,,,,,log,,,relative,,,,,linear,,,r3,1.0,1.0,1.0,0.0,
2026-06-08 13:49:18.000000,2026-06-08,20260608_134918,C:\Users\LB19\OneDrive - CEFAS\Work\mizerPINN2\runs\pde_only_single_species\20260608_134918,Development runs,,unknown,20000,20000.0,0.0233457594951386,True,20000.0,0.0233457594951386,20000.0,validation/fixtures/pde_single_species,20000.0,15.0,30.0,0.0003,,,,128.0,4.0,,,,,,,,,log,,,relative,,,,,linear,,,r3,1.0,1.0,1.0,0.0,
2026-06-08 17:41:52.000000,2026-06-08,20260608_174152,C:\Users\LB19\OneDrive - CEFAS\Work\mizerPINN2\runs\pde_only_single_species\20260608_174152,Development runs,,unknown,20000,20000.0,0.0195118343986836,True,20000.0,0.0195118343986836,20000.0,validation/fixtures/pde_single_species,20000.0,15.0,30.0,0.0003,,,,256.0,5.0,,,,,,,,,log,,,relative,,,,,linear,,,r3,1.0,1.0,1.0,0.0,
2026-06-08 17:43:39.000000,2026-06-08,20260608_174339,C:\Users\LB19\OneDrive - CEFAS\Work\mizerPINN2\runs\pde_only_single_species\20260608_174339,Development runs,,unknown,20000,20000.0,0.0195118343986836,True,20000.0,0.0195118343986836,20000.0,validation/fixtures/pde_single_species,20000.0,15.0,30.0,0.0003,,,,256.0,5.0,,,,,,,,,log,,,relative,,,,,linear,,,r3,1.0,1.0,1.0,0.0,
2026-06-09 09:29:00.000000,2026-06-09,20260609_092900,C:\Users\LB19\OneDrive - CEFAS\Work\mizerPINN2\runs\pde_only_single_species\20260609_092900,Development runs,,unknown,20000,20000.0,0.0100896503536345,True,20000.0,0.0100896503536345,20000.0,validation/fixtures/pde_single_species,20000.0,30.0,30.0,0.0003,,0.0,mlp,256.0,5.0,64.0,1.0,False,,,,,,log,,,relative,,,,,linear,,,r3,1.0,1.0,1.0,0.0,
2026-06-09 11:10:04.000000,2026-06-09,20260609_111004,C:\Users\LB19\OneDrive - CEFAS\Work\mizerPINN2\runs\pde_only_single_species\20260609_111004,Development runs,,unknown,20000,20000.0,0.0807380649744293,True,20000.0,0.0807380649744293,20000.0,validation/fixtures/pde_single_species,20000.0,10.0,30.0,0.0003,,0.0,mlp,64.0,3.0,64.0,1.0,False,,,,,,log,,,relative,,,,,linear,,,r3,1.0,1.0,1.0,0.0,
2026-06-09 11:35:19.000000,2026-06-09,20260609_113519,C:\Users\LB19\OneDrive - CEFAS\Work\mizerPINN2\runs\pde_only_single_species\20260609_113519,Development runs,,unknown,20000,20000.0,0.0984957617384008,True,20000.0,0.0984957617384008,20000.0,validation/fixtures/pde_single_species,20000.0,15.0,30.0,0.0003,,0.0,mlp,128.0,4.0,64.0,1.0,False,,,,,,log,,,relative,,,,,linear,,,r3,1.0,1.0,1.0,0.0,
2026-06-09 12:04:32.000000,2026-06-09,20260609_120432,C:\Users\LB19\OneDrive - CEFAS\Work\mizerPINN2\runs\pde_only_single_species\20260609_120432,Development runs,,unknown,20000,20000.0,0.8467975434421102,True,20000.0,0.8467975434421102,20000.0,validation/fixtures/pde_single_species,20000.0,15.0,30.0,0.0003,,0.0,mlp,128.0,4.0,64.0,1.0,False,,,,,,log,,,relative,,,,,linear,,,uniform,1.0,1.0,1.0,0.0,
2026-06-09 12:52:42.000000,2026-06-09,20260609_125242,C:\Users\LB19\OneDrive - CEFAS\Work\mizerPINN2\runs\pde_only_single_species\20260609_125242,Development runs,,unknown,20000,20000.0,0.1199798685007011,True,20000.0,0.1199798685007011,20000.0,validation/fixtures/pde_single_species,20000.0,30.0,30.0,0.0003,,0.0,fourier,128.0,4.0,32.0,0.5,True,,,,,,log,,,relative,,,,,linear,,,r3,1.0,1.0,1.0,0.0,
2026-06-09 13:47:36.000000,2026-06-09,20260609_134736,C:\Users\LB19\OneDrive - CEFAS\Work\mizerPINN2\runs\pde_only_single_species\20260609_134736,Development runs,,unknown,20000,20000.0,0.0077951212225592,True,20000.0,0.0077951212225592,20000.0,validation/fixtures/pde_single_species,20000.0,30.0,30.0,0.0003,,0.0,fourier,256.0,5.0,32.0,0.5,True,,,,,,log,,,relative,,,,,linear,,,r3,1.0,1.0,1.0,0.0,
2026-06-09 15:42:51.000000,2026-06-09,20260609_154251,C:\Users\LB19\OneDrive - CEFAS\Work\mizerPINN2\runs\pde_only_single_species\20260609_154251,Development runs,,unknown,20000,20000.0,0.0026042293230044,True,20000.0,0.0026042293230044,20000.0,validation/fixtures/pde_single_species,20000.0,30.0,30.0,0.003,cosine,3e-05,fourier,256.0,5.0,32.0,0.5,True,,,,,,log,,,relative,,,,,linear,,,r3,1.0,1.0,1.0,0.0,
2026-06-09 17:19:37.000000,2026-06-09,20260609_171937,C:\Users\LB19\OneDrive - CEFAS\Work\mizerPINN2\runs\pde_only_single_species\20260609_171937,Development runs,,unknown,20000,20000.0,0.0184228722552897,True,50000.0,0.0008137278234338,50000.0,validation/fixtures/pde_single_species,50000.0,30.0,30.0,0.003,cosine,3e-05,fourier,256.0,5.0,32.0,0.5,True,,,,,,log,,,relative,,,,,linear,,,r3,1.0,1.0,1.0,0.0,
2026-06-10 08:53:10.000000,2026-06-10,20260610_085310,C:\Users\LB19\OneDrive - CEFAS\Work\mizerPINN2\runs\pde_only_single_species\20260610_085310,Development runs,,unknown,20000,20000.0,0.0065423999228698,True,20000.0,0.0065423999228698,20000.0,validation/fixtures/pde_single_species,20000.0,30.0,30.0,0.0003,,0.0,fourier,256.0,5.0,32.0,0.5,True,,,,,,log,,,relative,,,,,linear,,,r3,1.0,1.0,1.0,0.0,
2026-06-10 09:51:30.000000,2026-06-10,20260610_095130,C:\Users\LB19\OneDrive - CEFAS\Work\mizerPINN2\runs\pde_only_single_species\20260610_095130,Development runs,,unknown,20000,20000.0,0.0074140753169936,True,20000.0,0.0074140753169936,20000.0,validation/fixtures/pde_single_species,20000.0,30.0,30.0,0.0003,,0.0,fourier,256.0,5.0,32.0,0.5,True,,,,,,log,,,relative,,,,,linear,,,r3,1.0,1.0,1.0,0.0,
2026-06-10 15:09:49.000000,2026-06-10,20260610_150949,C:\Users\LB19\OneDrive - CEFAS\Work\mizerPINN2\runs\pde_only_single_species\20260610_150949,Development runs,,unknown,20000,20000.0,0.0270671421455621,True,20000.0,0.0270671421455621,20000.0,validation/fixtures/pde_single_species,20000.0,30.0,30.0,0.0003,,0.0,fourier,256.0,5.0,32.0,0.5,True,rwf,1.0,0.1,all,pytorch,log,,,relative,,,,,linear,,,r3,1.0,1.0,1.0,0.0,
2026-06-11 08:49:35.000000,2026-06-11,20260611_084935,C:\Users\LB19\OneDrive - CEFAS\Work\mizerPINN2\runs\pde_only_single_species\20260611_084935,Development runs,,unknown,20000,20000.0,0.0780504366827088,True,20000.0,0.0780504366827088,20000.0,validation/fixtures/pde_single_species,20000.0,30.0,30.0,0.0003,,0.0,fourier,256.0,5.0,32.0,0.5,True,rwf,1.0,0.1,all,xavier_uniform,log,,,relative,,,,,linear,,,r3,1.0,1.0,1.0,0.0,
2026-06-11 09:36:44.000000,2026-06-11,20260611_093644,C:\Users\LB19\OneDrive - CEFAS\Work\mizerPINN2\runs\pde_only_single_species\20260611_093644,Development runs,,unknown,20000,20000.0,0.0133121192065253,True,20000.0,0.0133121192065253,20000.0,validation/fixtures/pde_single_species,20000.0,30.0,30.0,0.0003,,0.0,fourier,256.0,5.0,32.0,0.5,True,rwf,1.0,0.1,all,xavier_uniform,log,,,relative,,,,,linear,,,r3,1.0,1.0,1.0,0.0,
2026-06-11 10:32:57.000000,2026-06-11,20260611_103257,C:\Users\LB19\OneDrive - CEFAS\Work\mizerPINN2\runs\pde_only_single_species\20260611_103257,Development runs,,unknown,20000,20000.0,0.0024129951324079,True,40000.0,0.0004139895315553,40000.0,validation/fixtures/pde_single_species,40000.0,32.0,30.0,0.0003,cosine,1e-06,fourier,256.0,5.0,64.0,1.0,False,rwf,1.0,0.1,all,pytorch,log,,,relative,,expert-grad-norm,stratified,expert,linear,1.0,32.0,uniform,1.0,1.0,1.0,0.0,123.0
2026-06-11 14:01:49.000000,2026-06-11,20260611_140149,C:\Users\LB19\OneDrive - CEFAS\Work\mizerPINN2\runs\pde_only_single_species\20260611_140149,Development runs,,unknown,20000,20000.0,0.0133121192065253,True,40000.0,0.007080232793865,40000.0,validation/fixtures/pde_single_species,40000.0,30.0,30.0,0.0003,,0.0,fourier,256.0,5.0,32.0,0.5,True,rwf,1.0,0.1,all,xavier_uniform,log,,,relative,,,uniform,off,linear,1.0,32.0,r3,1.0,1.0,1.0,0.0,
2026-06-12 08:47:46.000000,2026-06-12,20260612_084746,C:\Users\LB19\OneDrive - CEFAS\Work\mizerPINN2\runs\pde_only_single_species\20260612_084746,Development runs,,unknown,20000,20000.0,0.0382011697456286,True,40000.0,0.0004142760544948,40000.0,validation/fixtures/pde_single_species,40000.0,36.0,30.0,0.0003,cosine,1e-06,fourier,256.0,5.0,64.0,1.0,False,rwf,1.0,0.1,all,xavier_uniform,log,,,relative,,expert-grad-norm,stratified,expert,linear,1.0,32.0,uniform,1.0,1.0,1.0,0.0,123.0
2026-06-12 14:06:02.000000,2026-06-12,20260612_140602,C:\Users\LB19\OneDrive - CEFAS\Work\mizerPINN2\runs\pde_only_single_species\20260612_140602,Development runs,,unknown,20000,20000.0,0.004013363640295,True,40000.0,0.0002912523519327,40000.0,validation/fixtures/pde_single_species,40000.0,36.0,30.0,0.0003,cosine,1e-06,fourier,256.0,5.0,32.0,1.0,False,rwf,1.0,0.1,all,xavier_uniform,log,,,relative,,expert-grad-norm,stratified,expert,linear,1.0,32.0,uniform,1.0,1.0,1.0,0.0,123.0
2026-06-15 08:38:13.000000,2026-06-15,20260615_083813,C:\Users\LB19\OneDrive - CEFAS\Work\mizerPINN2\runs\pde_only_single_species\20260615_083813,Development runs,,unknown,20000,,,False,10000.0,0.095393827689287,10000.0,validation/fixtures/pde_single_species,10000.0,36.0,30.0,0.0003,cosine,1e-06,fourier,256.0,4.0,32.0,1.0,False,rwf,1.0,0.1,all,xavier_uniform,log,,,relative,,expert-grad-norm,stratified,expert,linear,1.0,32.0,uniform,1.0,1.0,1.0,0.0,123.0
2026-06-15 09:58:01.000000,2026-06-15,20260615_095801,C:\Users\LB19\OneDrive - CEFAS\Work\mizerPINN2\runs\pde_only_single_species\20260615_095801,Development runs,,unknown,20000,,,False,10000.0,0.0035343097480989,10000.0,validation/fixtures/pde_single_species,10000.0,36.0,30.0,0.003,cosine,1e-06,fourier,256.0,4.0,64.0,1.0,False,rwf,1.0,0.1,all,xavier_uniform,log,,,relative,,expert-grad-norm,stratified,expert,linear,1.0,32.0,uniform,1.0,1.0,1.0,0.0,123.0
2026-06-15 11:04:44.000000,2026-06-15,20260615_110444,C:\Users\LB19\OneDrive - CEFAS\Work\mizerPINN2\runs\pde_only_single_species\20260615_110444,Development runs,,unknown,20000,,,False,1.0,59993774181.227455,1.0,validation/fixtures/pde_single_species,5000.0,36.0,30.0,0.03,cosine,1e-06,fourier,256.0,4.0,64.0,1.0,False,rwf,1.0,0.1,all,xavier_uniform,log,,,relative,,expert-grad-norm,stratified,expert,linear,1.0,32.0,uniform,1.0,1.0,1.0,0.0,123.0
2026-06-15 11:04:52.000000,2026-06-15,20260615_110452,C:\Users\LB19\OneDrive - CEFAS\Work\mizerPINN2\runs\pde_only_single_species\20260615_110452,Development runs,,unknown,20000,,,False,5000.0,437466435242.8846,5000.0,validation/fixtures/pde_single_species,5000.0,36.0,30.0,0.03,cosine,1e-06,fourier,256.0,4.0,64.0,1.0,False,rwf,1.0,0.1,all,xavier_uniform,log,,,relative,,expert-grad-norm,stratified,expert,linear,1.0,32.0,uniform,1.0,1.0,1.0,0.0,123.0
2026-06-15 11:05:45.000000,2026-06-15,20260615_110545,C:\Users\LB19\OneDrive - CEFAS\Work\mizerPINN2\runs\pde_only_single_species\20260615_110545,Development runs,,completed,20000,,,False,4000.0,437466436353.38776,5000.0,validation/fixtures/pde_single_species,5000.0,36.0,30.0,0.03,cosine,1e-06,fourier,256.0,4.0,64.0,1.0,False,rwf,1.0,0.1,all,xavier_uniform,log,,,relative,,expert-grad-norm,stratified,expert,linear,1.0,32.0,uniform,1.0,1.0,1.0,0.0,123.0
2026-06-15 11:47:42.000000,2026-06-15,20260615_114742,C:\Users\LB19\OneDrive - CEFAS\Work\mizerPINN2\runs\pde_only_single_species\20260615_114742,Development runs,,completed,20000,,,False,4000.0,0.0048103102126756,5000.0,validation/fixtures/pde_single_species,5000.0,36.0,30.0,0.0003,cosine,1e-06,fourier,256.0,4.0,64.0,1.0,False,rwf,1.0,0.1,all,xavier_uniform,log,,,relative,,expert-grad-norm,stratified,expert,linear,1.0,32.0,uniform,1.0,1.0,1.0,0.0,123.0
2026-06-16 09:06:01.000000,2026-06-16,20260616_090601,C:\Users\LB19\OneDrive - CEFAS\Work\mizerPINN2\runs\pde_only_single_species\20260616_090601,Development runs,,unknown,20000,,,False,1.0,280.4144428337973,1.0,validation/fixtures/pde_single_species,5.0,10.0,30.0,0.001,,0.0,mlp,64.0,3.0,64.0,1.0,False,,1.0,0.1,all,pytorch,log,,,log,,legacy-wang,uniform,off,linear,1.0,32.0,uniform,1.0,1.0,0.0,0.0,
2026-06-16 09:06:01.000000,2026-06-16,20260616_090601,C:\Users\LB19\OneDrive - CEFAS\Work\mizerPINN2\runs\ABLATION_RUNS\pde_only_single_species\20260616_090601,Ablation runs,,unknown,20000,,,False,1.0,280.4144428337973,1.0,validation/fixtures/pde_single_species,5.0,10.0,30.0,0.001,,0.0,mlp,64.0,3.0,64.0,1.0,False,,1.0,0.1,all,pytorch,log,,,log,,legacy-wang,uniform,off,linear,1.0,32.0,uniform,1.0,1.0,0.0,0.0,
2026-06-16 09:43:14.000000,2026-06-16,20260616_094314,C:\Users\LB19\OneDrive - CEFAS\Work\mizerPINN2\runs\ABLATION_RUNS\pde_only_single_species\20260616_094314,Ablation runs,,unknown,20000,,,False,,,,validation/fixtures/pde_single_species,10000.0,36.0,30.0,0.0003,cosine,1e-06,fourier,256.0,5.0,32.0,1.0,False,rwf,1.0,0.1,all,xavier_uniform,log,,,relative,,expert-grad-norm,stratified,expert,linear,1.0,32.0,uniform,1.0,1.0,1.0,0.0,123.0
2026-06-16 09:43:14.000000,2026-06-16,20260616_094314,C:\Users\LB19\OneDrive - CEFAS\Work\mizerPINN2\runs\pde_only_single_species\20260616_094314,Development runs,,unknown,20000,,,False,,,,validation/fixtures/pde_single_species,10000.0,36.0,30.0,0.0003,cosine,1e-06,fourier,256.0,5.0,32.0,1.0,False,rwf,1.0,0.1,all,xavier_uniform,log,,,relative,,expert-grad-norm,stratified,expert,linear,1.0,32.0,uniform,1.0,1.0,1.0,0.0,123.0
2026-06-16 09:52:54.000000,2026-06-16,20260616_095254,C:\Users\LB19\OneDrive - CEFAS\Work\mizerPINN2\runs\pde_only_single_species\20260616_095254,Development runs,,unknown,20000,,,False,,,,validation/fixtures/pde_single_species,10000.0,36.0,30.0,0.0003,cosine,1e-06,fourier,256.0,5.0,32.0,0.5,False,rwf,1.0,0.1,all,xavier_uniform,log,,,relative,,expert-grad-norm,stratified,expert,linear,1.0,32.0,uniform,1.0,1.0,1.0,0.0,123.0
2026-06-16 09:52:54.000000,2026-06-16,20260616_095254,C:\Users\LB19\OneDrive - CEFAS\Work\mizerPINN2\runs\ABLATION_RUNS\pde_only_single_species\20260616_095254,Ablation runs,,unknown,20000,,,False,,,,validation/fixtures/pde_single_species,10000.0,36.0,30.0,0.0003,cosine,1e-06,fourier,256.0,5.0,32.0,0.5,False,rwf,1.0,0.1,all,xavier_uniform,log,,,relative,,expert-grad-norm,stratified,expert,linear,1.0,32.0,uniform,1.0,1.0,1.0,0.0,123.0
2026-06-16 09:57:23.000000,2026-06-16,20260616_095723,C:\Users\LB19\OneDrive - CEFAS\Work\mizerPINN2\runs\pde_only_single_species\20260616_095723,Development runs,,unknown,20000,,,False,2000.0,0.4552470949034308,2000.0,validation/fixtures/pde_single_species,30000.0,36.0,30.0,0.0003,cosine,1e-06,fourier,256.0,5.0,32.0,1.0,False,rwf,1.0,0.1,all,xavier_uniform,log,,,relative,,expert-grad-norm,stratified,expert,linear,1.0,32.0,uniform,1.0,1.0,1.0,0.0,123.0
2026-06-16 09:57:23.000000,2026-06-16,20260616_095723,C:\Users\LB19\OneDrive - CEFAS\Work\mizerPINN2\runs\ABLATION_RUNS\pde_only_single_species\20260616_095723,Ablation runs,,unknown,20000,,,False,2000.0,0.4552470949034308,2000.0,validation/fixtures/pde_single_species,30000.0,36.0,30.0,0.0003,cosine,1e-06,fourier,256.0,5.0,32.0,1.0,False,rwf,1.0,0.1,all,xavier_uniform,log,,,relative,,expert-grad-norm,stratified,expert,linear,1.0,32.0,uniform,1.0,1.0,1.0,0.0,123.0
2026-06-16 10:16:10.000000,2026-06-16,20260616_101610,C:\Users\LB19\OneDrive - CEFAS\Work\mizerPINN2\runs\ABLATION_RUNS\pde_only_single_species\20260616_101610,Ablation runs,,unknown,20000,,,False,2000.0,1.1931043624825337,2000.0,validation/fixtures/pde_single_species,30000.0,36.0,30.0,0.0003,cosine,1e-06,fourier,256.0,5.0,16.0,1.0,False,rwf,1.0,0.1,all,xavier_uniform,log,,,relative,,expert-grad-norm,stratified,expert,linear,1.0,32.0,uniform,1.0,1.0,1.0,0.0,123.0
2026-06-16 10:16:10.000000,2026-06-16,20260616_101610,C:\Users\LB19\OneDrive - CEFAS\Work\mizerPINN2\runs\pde_only_single_species\20260616_101610,Development runs,,unknown,20000,,,False,2000.0,1.1931043624825337,2000.0,validation/fixtures/pde_single_species,30000.0,36.0,30.0,0.0003,cosine,1e-06,fourier,256.0,5.0,16.0,1.0,False,rwf,1.0,0.1,all,xavier_uniform,log,,,relative,,expert-grad-norm,stratified,expert,linear,1.0,32.0,uniform,1.0,1.0,1.0,0.0,123.0
2026-06-16 10:16:47.000000,2026-06-16,20260616_101647,C:\Users\LB19\OneDrive - CEFAS\Work\mizerPINN2\runs\pde_only_single_species\20260616_101647,Development runs,,unknown,20000,,,False,2000.0,10.671239701862264,2000.0,validation/fixtures/pde_single_species,30000.0,36.0,30.0,0.0003,cosine,1e-06,fourier,384.0,5.0,32.0,1.0,False,rwf,1.0,0.1,all,xavier_uniform,log,,,relative,,expert-grad-norm,stratified,expert,linear,1.0,32.0,uniform,1.0,1.0,1.0,0.0,123.0
2026-06-16 10:16:47.000000,2026-06-16,20260616_101647,C:\Users\LB19\OneDrive - CEFAS\Work\mizerPINN2\runs\ABLATION_RUNS\pde_only_single_species\20260616_101647,Ablation runs,,unknown,20000,,,False,2000.0,10.671239701862264,2000.0,validation/fixtures/pde_single_species,30000.0,36.0,30.0,0.0003,cosine,1e-06,fourier,384.0,5.0,32.0,1.0,False,rwf,1.0,0.1,all,xavier_uniform,log,,,relative,,expert-grad-norm,stratified,expert,linear,1.0,32.0,uniform,1.0,1.0,1.0,0.0,123.0
2026-06-16 10:16:51.000000,2026-06-16,20260616_101651,C:\Users\LB19\OneDrive - CEFAS\Work\mizerPINN2\runs\pde_only_single_species\20260616_101651,Development runs,,unknown,20000,,,False,2000.0,16.818207747862868,2000.0,validation/fixtures/pde_single_species,30000.0,36.0,30.0,0.0003,cosine,1e-06,fourier,256.0,5.0,64.0,1.0,False,rwf,1.0,0.1,all,xavier_uniform,log,,,relative,,expert-grad-norm,stratified,expert,linear,1.0,32.0,uniform,1.0,1.0,1.0,0.0,123.0
2026-06-16 10:16:51.000000,2026-06-16,20260616_101651,C:\Users\LB19\OneDrive - CEFAS\Work\mizerPINN2\runs\ABLATION_RUNS\pde_only_single_species\20260616_101651,Ablation runs,,unknown,20000,,,False,2000.0,16.818207747862868,2000.0,validation/fixtures/pde_single_species,30000.0,36.0,30.0,0.0003,cosine,1e-06,fourier,256.0,5.0,64.0,1.0,False,rwf,1.0,0.1,all,xavier_uniform,log,,,relative,,expert-grad-norm,stratified,expert,linear,1.0,32.0,uniform,1.0,1.0,1.0,0.0,123.0
2026-06-16 10:17:17.000000,2026-06-16,20260616_101717,C:\Users\LB19\OneDrive - CEFAS\Work\mizerPINN2\runs\pde_only_single_species\20260616_101717,Development runs,,unknown,20000,,,False,2000.0,0.0429727199080201,2000.0,validation/fixtures/pde_single_species,30000.0,36.0,30.0,0.0003,cosine,1e-06,fourier,256.0,3.0,32.0,1.0,False,rwf,1.0,0.1,all,xavier_uniform,log,,,relative,,expert-grad-norm,stratified,expert,linear,1.0,32.0,uniform,1.0,1.0,1.0,0.0,123.0
2026-06-16 10:17:17.000000,2026-06-16,20260616_101717,C:\Users\LB19\OneDrive - CEFAS\Work\mizerPINN2\runs\ABLATION_RUNS\pde_only_single_species\20260616_101717,Ablation runs,,unknown,20000,,,False,2000.0,0.0429727199080201,2000.0,validation/fixtures/pde_single_species,30000.0,36.0,30.0,0.0003,cosine,1e-06,fourier,256.0,3.0,32.0,1.0,False,rwf,1.0,0.1,all,xavier_uniform,log,,,relative,,expert-grad-norm,stratified,expert,linear,1.0,32.0,uniform,1.0,1.0,1.0,0.0,123.0
2026-06-16 10:32:46.687748,2026-06-16,20260616_103246_687748_job3033575_task2,C:\Users\LB19\OneDrive - CEFAS\Work\mizerPINN2\runs\ABLATION_RUNS\pde_only_single_species\20260616_103246_687748_job3033575_task2,Ablation runs,2.0,completed,20000,20000.0,0.0012389900153518,True,30000.0,0.0003273890502876,30000.0,validation/fixtures/pde_single_species,30000.0,36.0,30.0,0.0003,cosine,1e-06,fourier,256.0,5.0,32.0,0.5,False,rwf,1.0,0.1,all,xavier_uniform,log,,,relative,,expert-grad-norm,stratified,expert,linear,1.0,32.0,uniform,1.0,1.0,1.0,0.0,123.0
2026-06-16 10:32:46.687748,2026-06-16,20260616_103246_687748_job3033575_task2,C:\Users\LB19\OneDrive - CEFAS\Work\mizerPINN2\runs\pde_only_single_species\20260616_103246_687748_job3033575_task2,Development runs,2.0,completed,20000,20000.0,0.0012389900153518,True,30000.0,0.0003273890502876,30000.0,validation/fixtures/pde_single_species,30000.0,36.0,30.0,0.0003,cosine,1e-06,fourier,256.0,5.0,32.0,0.5,False,rwf,1.0,0.1,all,xavier_uniform,log,,,relative,,expert-grad-norm,stratified,expert,linear,1.0,32.0,uniform,1.0,1.0,1.0,0.0,123.0
2026-06-16 10:32:54.708934,2026-06-16,20260616_103254_708934_job3033577_task4,C:\Users\LB19\OneDrive - CEFAS\Work\mizerPINN2\runs\pde_only_single_species\20260616_103254_708934_job3033577_task4,Development runs,4.0,completed,20000,20000.0,0.0013980496097524,True,30000.0,0.0004236496652798,30000.0,validation/fixtures/pde_single_species,30000.0,36.0,30.0,0.0003,cosine,1e-06,fourier,256.0,5.0,16.0,1.0,False,rwf,1.0,0.1,all,xavier_uniform,log,,,relative,,expert-grad-norm,stratified,expert,linear,1.0,32.0,uniform,1.0,1.0,1.0,0.0,123.0
2026-06-16 10:32:54.708934,2026-06-16,20260616_103254_708934_job3033577_task4,C:\Users\LB19\OneDrive - CEFAS\Work\mizerPINN2\runs\ABLATION_RUNS\pde_only_single_species\20260616_103254_708934_job3033577_task4,Ablation runs,4.0,completed,20000,20000.0,0.0013980496097524,True,30000.0,0.0004236496652798,30000.0,validation/fixtures/pde_single_species,30000.0,36.0,30.0,0.0003,cosine,1e-06,fourier,256.0,5.0,16.0,1.0,False,rwf,1.0,0.1,all,xavier_uniform,log,,,relative,,expert-grad-norm,stratified,expert,linear,1.0,32.0,uniform,1.0,1.0,1.0,0.0,123.0
2026-06-16 10:32:54.708936,2026-06-16,20260616_103254_708936_job3033576_task3,C:\Users\LB19\OneDrive - CEFAS\Work\mizerPINN2\runs\pde_only_single_species\20260616_103254_708936_job3033576_task3,Development runs,3.0,completed,20000,20000.0,0.0013520193942535,True,30000.0,0.0005654322895289,30000.0,validation/fixtures/pde_single_species,30000.0,36.0,30.0,0.0003,cosine,1e-06,fourier,256.0,5.0,32.0,2.0,False,rwf,1.0,0.1,all,xavier_uniform,log,,,relative,,expert-grad-norm,stratified,expert,linear,1.0,32.0,uniform,1.0,1.0,1.0,0.0,123.0
2026-06-16 10:32:54.708936,2026-06-16,20260616_103254_708936_job3033576_task3,C:\Users\LB19\OneDrive - CEFAS\Work\mizerPINN2\runs\ABLATION_RUNS\pde_only_single_species\20260616_103254_708936_job3033576_task3,Ablation runs,3.0,completed,20000,20000.0,0.0013520193942535,True,30000.0,0.0005654322895289,30000.0,validation/fixtures/pde_single_species,30000.0,36.0,30.0,0.0003,cosine,1e-06,fourier,256.0,5.0,32.0,2.0,False,rwf,1.0,0.1,all,xavier_uniform,log,,,relative,,expert-grad-norm,stratified,expert,linear,1.0,32.0,uniform,1.0,1.0,1.0,0.0,123.0
2026-06-16 10:32:56.926429,2026-06-16,20260616_103256_926429_job3033574_task1,C:\Users\LB19\OneDrive - CEFAS\Work\mizerPINN2\runs\pde_only_single_species\20260616_103256_926429_job3033574_task1,Development runs,1.0,completed,20000,20000.0,0.0081311820321382,True,30000.0,0.0003963749480292,30000.0,validation/fixtures/pde_single_species,30000.0,36.0,30.0,0.0003,cosine,1e-06,fourier,256.0,5.0,32.0,1.0,False,rwf,1.0,0.1,all,xavier_uniform,log,,,relative,,expert-grad-norm,stratified,expert,linear,1.0,32.0,uniform,1.0,1.0,1.0,0.0,123.0
2026-06-16 10:32:56.926429,2026-06-16,20260616_103256_926429_job3033574_task1,C:\Users\LB19\OneDrive - CEFAS\Work\mizerPINN2\runs\ABLATION_RUNS\pde_only_single_species\20260616_103256_926429_job3033574_task1,Ablation runs,1.0,completed,20000,20000.0,0.0081311820321382,True,30000.0,0.0003963749480292,30000.0,validation/fixtures/pde_single_species,30000.0,36.0,30.0,0.0003,cosine,1e-06,fourier,256.0,5.0,32.0,1.0,False,rwf,1.0,0.1,all,xavier_uniform,log,,,relative,,expert-grad-norm,stratified,expert,linear,1.0,32.0,uniform,1.0,1.0,1.0,0.0,123.0
2026-06-16 11:29:57.293593,2026-06-16,20260616_112957_293593,C:\Users\LB19\OneDrive - CEFAS\Work\mizerPINN2\runs\pde_only_single_species\20260616_112957_293593,Development runs,,completed,20000,20000.0,0.001724019886792,True,30000.0,0.0004054510332409,30000.0,validation/fixtures/pde_single_species,30000.0,36.0,30.0,0.0003,cosine,1e-06,fourier,256.0,5.0,32.0,1.0,False,rwf,1.0,0.1,all,xavier_uniform,log,,,relative,,expert-grad-norm,stratified,expert,linear,1.0,32.0,uniform,1.0,1.0,1.0,0.0,123.0
2026-06-16 11:41:18.089019,2026-06-16,20260616_114118_089019,C:\Users\LB19\OneDrive - CEFAS\Work\mizerPINN2\runs\pde_only_single_species\20260616_114118_089019,Development runs,,completed,20000,,,False,8000.0,0.0014553287765011,8000.0,validation/fixtures/pde_single_species,8000.0,36.0,30.0,0.0003,cosine,1e-06,fourier,256.0,5.0,32.0,1.0,False,rwf,1.0,0.1,all,xavier_uniform,log,,,relative,,expert-grad-norm,stratified,expert,linear,1.0,32.0,uniform,1.0,1.0,1.0,0.0,123.0
2026-06-16 12:32:41.643644,2026-06-16,20260616_123241_643644,C:\Users\LB19\OneDrive - CEFAS\Work\mizerPINN2\runs\pde_only_single_species\20260616_123241_643644,Development runs,,completed,20000,,,False,8000.0,0.0027147834609949,8000.0,validation/fixtures/pde_single_species,8000.0,36.0,30.0,0.0003,cosine,1e-06,fourier,256.0,5.0,32.0,1.0,False,rwf,1.0,0.1,all,xavier_uniform,log,,,relative,,expert-grad-norm,stratified,expert,linear,1.0,32.0,uniform,1.0,1.0,1.0,0.0,123.0
2026-06-16 12:46:00.281282,2026-06-16,20260616_124600_281282_job3036234_task5,C:\Users\LB19\OneDrive - CEFAS\Work\mizerPINN2\runs\pde_only_single_species\20260616_124600_281282_job3036234_task5,Development runs,5.0,completed,20000,20000.0,0.0019418994857616,True,30000.0,0.000435590224473,30000.0,validation/fixtures/pde_single_species,30000.0,36.0,30.0,0.0003,cosine,1e-06,fourier,256.0,5.0,64.0,1.0,False,rwf,1.0,0.1,all,xavier_uniform,log,,,relative,,expert-grad-norm,stratified,expert,linear,1.0,32.0,uniform,1.0,1.0,1.0,0.0,123.0
2026-06-16 12:46:00.281282,2026-06-16,20260616_124600_281282_job3036234_task5,C:\Users\LB19\OneDrive - CEFAS\Work\mizerPINN2\runs\ABLATION_RUNS\pde_only_single_species\20260616_124600_281282_job3036234_task5,Ablation runs,5.0,completed,20000,20000.0,0.0019418994857616,True,30000.0,0.000435590224473,30000.0,validation/fixtures/pde_single_species,30000.0,36.0,30.0,0.0003,cosine,1e-06,fourier,256.0,5.0,64.0,1.0,False,rwf,1.0,0.1,all,xavier_uniform,log,,,relative,,expert-grad-norm,stratified,expert,linear,1.0,32.0,uniform,1.0,1.0,1.0,0.0,123.0
2026-06-16 12:50:05.665846,2026-06-16,20260616_125005_665846_job3036247_task6,C:\Users\LB19\OneDrive - CEFAS\Work\mizerPINN2\runs\ABLATION_RUNS\pde_only_single_species\20260616_125005_665846_job3036247_task6,Ablation runs,6.0,completed,20000,20000.0,0.0038470745537365,True,30000.0,0.0005277787670884,30000.0,validation/fixtures/pde_single_species,30000.0,36.0,30.0,0.0003,cosine,1e-06,fourier,128.0,5.0,32.0,1.0,False,rwf,1.0,0.1,all,xavier_uniform,log,,,relative,,expert-grad-norm,stratified,expert,linear,1.0,32.0,uniform,1.0,1.0,1.0,0.0,123.0
2026-06-16 12:50:05.665846,2026-06-16,20260616_125005_665846_job3036247_task6,C:\Users\LB19\OneDrive - CEFAS\Work\mizerPINN2\runs\pde_only_single_species\20260616_125005_665846_job3036247_task6,Development runs,6.0,completed,20000,20000.0,0.0038470745537365,True,30000.0,0.0005277787670884,30000.0,validation/fixtures/pde_single_species,30000.0,36.0,30.0,0.0003,cosine,1e-06,fourier,128.0,5.0,32.0,1.0,False,rwf,1.0,0.1,all,xavier_uniform,log,,,relative,,expert-grad-norm,stratified,expert,linear,1.0,32.0,uniform,1.0,1.0,1.0,0.0,123.0
2026-06-16 12:50:05.665898,2026-06-16,20260616_125005_665898_job3036248_task7,C:\Users\LB19\OneDrive - CEFAS\Work\mizerPINN2\runs\pde_only_single_species\20260616_125005_665898_job3036248_task7,Development runs,7.0,completed,20000,20000.0,0.0024177697286664,True,30000.0,0.0004652582753801,30000.0,validation/fixtures/pde_single_species,30000.0,36.0,30.0,0.0003,cosine,1e-06,fourier,384.0,5.0,32.0,1.0,False,rwf,1.0,0.1,all,xavier_uniform,log,,,relative,,expert-grad-norm,stratified,expert,linear,1.0,32.0,uniform,1.0,1.0,1.0,0.0,123.0
2026-06-16 12:50:05.665898,2026-06-16,20260616_125005_665898_job3036248_task7,C:\Users\LB19\OneDrive - CEFAS\Work\mizerPINN2\runs\ABLATION_RUNS\pde_only_single_species\20260616_125005_665898_job3036248_task7,Ablation runs,7.0,completed,20000,20000.0,0.0024177697286664,True,30000.0,0.0004652582753801,30000.0,validation/fixtures/pde_single_species,30000.0,36.0,30.0,0.0003,cosine,1e-06,fourier,384.0,5.0,32.0,1.0,False,rwf,1.0,0.1,all,xavier_uniform,log,,,relative,,expert-grad-norm,stratified,expert,linear,1.0,32.0,uniform,1.0,1.0,1.0,0.0,123.0
2026-06-16 13:15:55.657166,2026-06-16,20260616_131555_657166_job3036363_task8,C:\Users\LB19\OneDrive - CEFAS\Work\mizerPINN2\runs\pde_only_single_species\20260616_131555_657166_job3036363_task8,Development runs,8.0,completed,20000,20000.0,0.0010918561658378,True,30000.0,0.000774584283281,30000.0,validation/fixtures/pde_single_species,30000.0,36.0,30.0,0.0003,cosine,1e-06,fourier,256.0,3.0,32.0,1.0,False,rwf,1.0,0.1,all,xavier_uniform,log,,,relative,,expert-grad-norm,stratified,expert,linear,1.0,32.0,uniform,1.0,1.0,1.0,0.0,123.0
2026-06-16 13:15:55.657166,2026-06-16,20260616_131555_657166_job3036363_task8,C:\Users\LB19\OneDrive - CEFAS\Work\mizerPINN2\runs\ABLATION_RUNS\pde_only_single_species\20260616_131555_657166_job3036363_task8,Ablation runs,8.0,completed,20000,20000.0,0.0010918561658378,True,30000.0,0.000774584283281,30000.0,validation/fixtures/pde_single_species,30000.0,36.0,30.0,0.0003,cosine,1e-06,fourier,256.0,3.0,32.0,1.0,False,rwf,1.0,0.1,all,xavier_uniform,log,,,relative,,expert-grad-norm,stratified,expert,linear,1.0,32.0,uniform,1.0,1.0,1.0,0.0,123.0
2026-06-16 14:08:37.944868,2026-06-16,20260616_140837_944868_job3036931_task10,C:\Users\LB19\OneDrive - CEFAS\Work\mizerPINN2\runs\pde_only_single_species\20260616_140837_944868_job3036931_task10,Development runs,10.0,completed,20000,20000.0,0.0025236631949364,True,30000.0,0.0010192975748295,30000.0,validation/fixtures/pde_single_species,30000.0,36.0,30.0,0.0003,cosine,1e-06,fourier,256.0,5.0,32.0,1.0,False,,1.0,0.1,all,xavier_uniform,log,,,relative,,expert-grad-norm,stratified,expert,linear,1.0,32.0,uniform,1.0,1.0,1.0,0.0,123.0
2026-06-16 14:08:37.944868,2026-06-16,20260616_140837_944868_job3036931_task10,C:\Users\LB19\OneDrive - CEFAS\Work\mizerPINN2\runs\ABLATION_RUNS\pde_only_single_species\20260616_140837_944868_job3036931_task10,Ablation runs,10.0,completed,20000,20000.0,0.0025236631949364,True,30000.0,0.0010192975748295,30000.0,validation/fixtures/pde_single_species,30000.0,36.0,30.0,0.0003,cosine,1e-06,fourier,256.0,5.0,32.0,1.0,False,,1.0,0.1,all,xavier_uniform,log,,,relative,,expert-grad-norm,stratified,expert,linear,1.0,32.0,uniform,1.0,1.0,1.0,0.0,123.0
2026-06-16 14:08:37.945060,2026-06-16,20260616_140837_945060_job3036930_task9,C:\Users\LB19\OneDrive - CEFAS\Work\mizerPINN2\runs\ABLATION_RUNS\pde_only_single_species\20260616_140837_945060_job3036930_task9,Ablation runs,9.0,completed,20000,20000.0,0.0018088951826179,True,30000.0,0.0005776429260065,30000.0,validation/fixtures/pde_single_species,30000.0,36.0,30.0,0.0003,cosine,1e-06,fourier,256.0,7.0,32.0,1.0,False,rwf,1.0,0.1,all,xavier_uniform,log,,,relative,,expert-grad-norm,stratified,expert,linear,1.0,32.0,uniform,1.0,1.0,1.0,0.0,123.0
2026-06-16 14:08:37.945060,2026-06-16,20260616_140837_945060_job3036930_task9,C:\Users\LB19\OneDrive - CEFAS\Work\mizerPINN2\runs\pde_only_single_species\20260616_140837_945060_job3036930_task9,Development runs,9.0,completed,20000,20000.0,0.0018088951826179,True,30000.0,0.0005776429260065,30000.0,validation/fixtures/pde_single_species,30000.0,36.0,30.0,0.0003,cosine,1e-06,fourier,256.0,7.0,32.0,1.0,False,rwf,1.0,0.1,all,xavier_uniform,log,,,relative,,expert-grad-norm,stratified,expert,linear,1.0,32.0,uniform,1.0,1.0,1.0,0.0,123.0
2026-06-16 14:38:45.581751,2026-06-16,20260616_143845_581751_job3037209_task11,C:\Users\LB19\OneDrive - CEFAS\Work\mizerPINN2\runs\pde_only_single_species\20260616_143845_581751_job3037209_task11,Development runs,11.0,completed,20000,20000.0,0.0015914143252631,True,30000.0,0.0003955689136948,30000.0,validation/fixtures/pde_single_species,30000.0,36.0,30.0,0.0003,cosine,1e-06,fourier,256.0,5.0,32.0,1.0,False,rwf,1.0,0.1,hidden,xavier_uniform,log,,,relative,,expert-grad-norm,stratified,expert,linear,1.0,32.0,uniform,1.0,1.0,1.0,0.0,123.0
2026-06-16 14:38:45.581751,2026-06-16,20260616_143845_581751_job3037209_task11,C:\Users\LB19\OneDrive - CEFAS\Work\mizerPINN2\runs\ABLATION_RUNS\pde_only_single_species\20260616_143845_581751_job3037209_task11,Ablation runs,11.0,completed,20000,20000.0,0.0015914143252631,True,30000.0,0.0003955689136948,30000.0,validation/fixtures/pde_single_species,30000.0,36.0,30.0,0.0003,cosine,1e-06,fourier,256.0,5.0,32.0,1.0,False,rwf,1.0,0.1,hidden,xavier_uniform,log,,,relative,,expert-grad-norm,stratified,expert,linear,1.0,32.0,uniform,1.0,1.0,1.0,0.0,123.0
2026-06-16 15:37:28.272710,2026-06-16,20260616_153728_272710_job3033572_task12,C:\Users\LB19\OneDrive - CEFAS\Work\mizerPINN2\runs\pde_only_single_species\20260616_153728_272710_job3033572_task12,Development runs,12.0,completed,20000,20000.0,0.0014174409953681,True,30000.0,0.0002978169446806,30000.0,validation/fixtures/pde_single_species,30000.0,36.0,30.0,0.0003,cosine,1e-06,fourier,256.0,5.0,32.0,1.0,True,rwf,1.0,0.1,all,xavier_uniform,log,,,relative,,expert-grad-norm,stratified,expert,linear,1.0,32.0,uniform,1.0,1.0,1.0,0.0,123.0
2026-06-16 15:37:28.272710,2026-06-16,20260616_153728_272710_job3033572_task12,C:\Users\LB19\OneDrive - CEFAS\Work\mizerPINN2\runs\ABLATION_RUNS\pde_only_single_species\20260616_153728_272710_job3033572_task12,Ablation runs,12.0,completed,20000,20000.0,0.0014174409953681,True,30000.0,0.0002978169446806,30000.0,validation/fixtures/pde_single_species,30000.0,36.0,30.0,0.0003,cosine,1e-06,fourier,256.0,5.0,32.0,1.0,True,rwf,1.0,0.1,all,xavier_uniform,log,,,relative,,expert-grad-norm,stratified,expert,linear,1.0,32.0,uniform,1.0,1.0,1.0,0.0,123.0
2026-06-17 16:23:19.376006,2026-06-17,20260617_162319_376006_job3042892,C:\Users\LB19\OneDrive - CEFAS\Work\mizerPINN2\runs\ABLATION_RUNS\pde_only_single_species\20260617_162319_376006_job3042892,Ablation runs,,completed,20000,20000.0,0.0170974567641284,True,74000.0,0.0003293855633501,75000.0,validation/fixtures/pde_single_species,75000.0,36.0,30.0,0.0003,cosine,1e-06,fourier,324.0,5.0,32.0,1.0,False,rwf,1.0,0.1,all,xavier_uniform,log,,,relative,,expert-grad-norm,stratified,expert,linear,1.0,32.0,uniform,1.0,1.0,1.0,0.0,123.0
2026-06-17 16:23:19.376006,2026-06-17,20260617_162319_376006_job3042892,C:\Users\LB19\OneDrive - CEFAS\Work\mizerPINN2\runs\pde_only_single_species\20260617_162319_376006_job3042892,Development runs,,completed,20000,20000.0,0.0170974567641284,True,74000.0,0.0003293855633501,75000.0,validation/fixtures/pde_single_species,75000.0,36.0,30.0,0.0003,cosine,1e-06,fourier,324.0,5.0,32.0,1.0,False,rwf,1.0,0.1,all,xavier_uniform,log,,,relative,,expert-grad-norm,stratified,expert,linear,1.0,32.0,uniform,1.0,1.0,1.0,0.0,123.0
2026-06-18 10:30:29.071758,2026-06-18,20260618_103029_071758_job3049128,C:\Users\LB19\OneDrive - CEFAS\Work\mizerPINN2\runs\ABLATION_RUNS\pde_only_single_species\20260618_103029_071758_job3049128,Ablation runs,,completed,20000,,,False,10000.0,0.0037555113578867,10000.0,validation/fixtures/pde_single_species,10000.0,36.0,30.0,0.0003,cosine,1e-06,fourier,384.0,5.0,32.0,1.0,False,rwf,1.0,0.1,all,xavier_uniform,log,,,relative,,expert-grad-norm,stratified,expert,linear,1.0,32.0,uniform,1.0,1.0,1.0,0.0,123.0
2026-06-18 10:30:29.071758,2026-06-18,20260618_103029_071758_job3049128,C:\Users\LB19\OneDrive - CEFAS\Work\mizerPINN2\runs\pde_only_single_species\20260618_103029_071758_job3049128,Development runs,,completed,20000,,,False,10000.0,0.0037555113578867,10000.0,validation/fixtures/pde_single_species,10000.0,36.0,30.0,0.0003,cosine,1e-06,fourier,384.0,5.0,32.0,1.0,False,rwf,1.0,0.1,all,xavier_uniform,log,,,relative,,expert-grad-norm,stratified,expert,linear,1.0,32.0,uniform,1.0,1.0,1.0,0.0,123.0
2026-06-18 10:45:33.227446,2026-06-18,20260618_104533_227446,C:\Users\LB19\OneDrive - CEFAS\Work\mizerPINN2\runs\pde_only_single_species\20260618_104533_227446,Development runs,,unknown,20000,,,False,10000.0,619.5846079689619,10000.0,validation/fixtures/pde_single_species,10000.0,36.0,30.0,0.003,cosine,1e-06,fourier,256.0,4.0,64.0,1.0,False,rwf,1.0,0.1,all,xavier_uniform,log,,,relative,,expert-grad-norm,stratified,off,linear,1.0,32.0,fixed-grid,1.0,1.0,1.0,0.0,123.0
2026-06-19 19:01:11.738826,2026-06-19,20260619_190111_738826_job3070869,C:\Users\LB19\OneDrive - CEFAS\Work\mizerPINN2\runs\pde_only_single_species\20260619_190111_738826_job3070869,Development runs,,unknown,20000,20000.0,0.0145040523684948,True,72000.0,0.0008184812652747,72000.0,validation/fixtures/pde_single_species,150000.0,128.0,60.0,0.0003,cosine,1e-06,fourier,384.0,5.0,32.0,1.0,True,rwf,1.0,0.1,all,xavier_uniform,log,,,relative,,expert-grad-norm,stratified,expert,linear,10.0,64.0,uniform,1.0,1.0,1.0,0.0,123.0
2026-06-19 19:01:11.738826,2026-06-19,20260619_190111_738826_job3070869,C:\Users\LB19\OneDrive - CEFAS\Work\mizerPINN2\runs\ABLATION_RUNS\pde_only_single_species\20260619_190111_738826_job3070869,Ablation runs,,unknown,20000,20000.0,0.0145040523684948,True,72000.0,0.0008184812652747,72000.0,validation/fixtures/pde_single_species,150000.0,128.0,60.0,0.0003,cosine,1e-06,fourier,384.0,5.0,32.0,1.0,True,rwf,1.0,0.1,all,xavier_uniform,log,,,relative,,expert-grad-norm,stratified,expert,linear,10.0,64.0,uniform,1.0,1.0,1.0,0.0,123.0
2026-06-22 12:41:54.192970,2026-06-22,20260622_124154_192970_job3093742_task27,C:\Users\LB19\OneDrive - CEFAS\Work\mizerPINN2\runs\ABLATION_RUNS\pde_only_single_species\20260622_124154_192970_job3093742_task27,Ablation runs,27.0,completed,20000,,,False,,,128000.0,validation/fixtures/pde_single_species,128000.0,128.0,60.0,0.0003,cosine,1e-06,fourier,384.0,5.0,16.0,1.0,True,rwf,1.0,0.1,all,xavier_uniform,log,,,relative,,expert-grad-norm,stratified,expert,linear,1.0,32.0,uniform,1.0,1.0,1.0,0.0,123.0
2026-06-22 12:41:54.192970,2026-06-22,20260622_124154_192970_job3093742_task27,C:\Users\LB19\OneDrive - CEFAS\Work\mizerPINN2\runs\pde_only_single_species\20260622_124154_192970_job3093742_task27,Development runs,27.0,completed,20000,,,False,,,128000.0,validation/fixtures/pde_single_species,128000.0,128.0,60.0,0.0003,cosine,1e-06,fourier,384.0,5.0,16.0,1.0,True,rwf,1.0,0.1,all,xavier_uniform,log,,,relative,,expert-grad-norm,stratified,expert,linear,1.0,32.0,uniform,1.0,1.0,1.0,0.0,123.0
2026-06-22 12:41:54.193026,2026-06-22,20260622_124154_193026_job3093744_task16,C:\Users\LB19\OneDrive - CEFAS\Work\mizerPINN2\runs\pde_only_single_species\20260622_124154_193026_job3093744_task16,Development runs,16.0,completed,20000,20000.0,0.0113922586652529,True,150000.0,0.0003647056541669,150000.0,validation/fixtures/pde_single_species,150000.0,36.0,30.0,0.0003,cosine,1e-06,fourier,384.0,5.0,16.0,1.0,True,rwf,1.0,0.1,all,xavier_uniform,log,,,relative,,expert-grad-norm,stratified,expert,linear,1.0,128.0,uniform,1.0,1.0,1.0,0.0,123.0
2026-06-22 12:41:54.193026,2026-06-22,20260622_124154_193026_job3093744_task16,C:\Users\LB19\OneDrive - CEFAS\Work\mizerPINN2\runs\ABLATION_RUNS\pde_only_single_species\20260622_124154_193026_job3093744_task16,Ablation runs,16.0,completed,20000,20000.0,0.0113922586652529,True,150000.0,0.0003647056541669,150000.0,validation/fixtures/pde_single_species,150000.0,36.0,30.0,0.0003,cosine,1e-06,fourier,384.0,5.0,16.0,1.0,True,rwf,1.0,0.1,all,xavier_uniform,log,,,relative,,expert-grad-norm,stratified,expert,linear,1.0,128.0,uniform,1.0,1.0,1.0,0.0,123.0
2026-06-22 12:41:54.193058,2026-06-22,20260622_124154_193058_job3093743_task6,C:\Users\LB19\OneDrive - CEFAS\Work\mizerPINN2\runs\pde_only_single_species\20260622_124154_193058_job3093743_task6,Development runs,6.0,completed,20000,20000.0,0.0163354205175277,True,150000.0,0.0003985126108359,150000.0,validation/fixtures/pde_single_species,150000.0,36.0,30.0,0.0003,cosine,1e-06,fourier,384.0,5.0,16.0,1.0,True,rwf,1.0,0.1,all,xavier_uniform,log,,,relative,,expert-grad-norm,stratified,expert,linear,0.05,32.0,uniform,1.0,1.0,1.0,0.0,123.0
2026-06-22 12:41:54.193058,2026-06-22,20260622_124154_193058_job3093743_task6,C:\Users\LB19\OneDrive - CEFAS\Work\mizerPINN2\runs\ABLATION_RUNS\pde_only_single_species\20260622_124154_193058_job3093743_task6,Ablation runs,6.0,completed,20000,20000.0,0.0163354205175277,True,150000.0,0.0003985126108359,150000.0,validation/fixtures/pde_single_species,150000.0,36.0,30.0,0.0003,cosine,1e-06,fourier,384.0,5.0,16.0,1.0,True,rwf,1.0,0.1,all,xavier_uniform,log,,,relative,,expert-grad-norm,stratified,expert,linear,0.05,32.0,uniform,1.0,1.0,1.0,0.0,123.0
2026-06-22 12:41:54.193100,2026-06-22,20260622_124154_193100_job3093745_task21,C:\Users\LB19\OneDrive - CEFAS\Work\mizerPINN2\runs\ABLATION_RUNS\pde_only_single_species\20260622_124154_193100_job3093745_task21,Ablation runs,21.0,completed,20000,20000.0,0.0212922378177951,True,150000.0,0.0003070483149979,150000.0,validation/fixtures/pde_single_species,150000.0,32.0,30.0,0.0003,cosine,1e-06,fourier,384.0,5.0,16.0,1.0,True,rwf,1.0,0.1,all,xavier_uniform,log,,,relative,,expert-grad-norm,stratified,expert,linear,1.0,32.0,uniform,1.0,1.0,1.0,0.0,123.0
2026-06-22 12:41:54.193100,2026-06-22,20260622_124154_193100_job3093745_task21,C:\Users\LB19\OneDrive - CEFAS\Work\mizerPINN2\runs\pde_only_single_species\20260622_124154_193100_job3093745_task21,Development runs,21.0,completed,20000,20000.0,0.0212922378177951,True,150000.0,0.0003070483149979,150000.0,validation/fixtures/pde_single_species,150000.0,32.0,30.0,0.0003,cosine,1e-06,fourier,384.0,5.0,16.0,1.0,True,rwf,1.0,0.1,all,xavier_uniform,log,,,relative,,expert-grad-norm,stratified,expert,linear,1.0,32.0,uniform,1.0,1.0,1.0,0.0,123.0
2026-06-23 11:59:16.166760,2026-06-23,20260623_115916_166760_job3101352_task21,C:\Users\LB19\OneDrive - CEFAS\Work\mizerPINN2\runs\pde_only_single_species\20260623_115916_166760_job3101352_task21,Development runs,21.0,completed,20000,20000.0,0.0022304345258961,True,150000.0,0.0030075608549104,150000.0,validation/fixtures/pde_single_species,150000.0,32.0,30.0,0.0003,cosine,1e-06,fourier,384.0,5.0,16.0,1.0,True,rwf,1.0,0.1,all,xavier_uniform,log,,,relative,,expert-grad-norm,stratified,expert,linear,1.0,32.0,uniform,1.0,1.0,1.0,0.0,123.0
2026-06-23 11:59:16.166760,2026-06-23,20260623_115916_166760_job3101352_task21,C:\Users\LB19\OneDrive - CEFAS\Work\mizerPINN2\runs\ABLATION_RUNS\pde_only_single_species\20260623_115916_166760_job3101352_task21,Ablation runs,21.0,completed,20000,20000.0,0.0022304345258961,True,150000.0,0.0030075608549104,150000.0,validation/fixtures/pde_single_species,150000.0,32.0,30.0,0.0003,cosine,1e-06,fourier,384.0,5.0,16.0,1.0,True,rwf,1.0,0.1,all,xavier_uniform,log,,,relative,,expert-grad-norm,stratified,expert,linear,1.0,32.0,uniform,1.0,1.0,1.0,0.0,123.0
2026-06-23 11:59:25.577045,2026-06-23,20260623_115925_577045_job3101350_task6,C:\Users\LB19\OneDrive - CEFAS\Work\mizerPINN2\runs\ABLATION_RUNS\pde_only_single_species\20260623_115925_577045_job3101350_task6,Ablation runs,6.0,completed,20000,20000.0,0.0031473959979705,True,150000.0,0.0077999587289796,150000.0,validation/fixtures/pde_single_species,150000.0,36.0,30.0,0.0003,cosine,1e-06,fourier,384.0,5.0,16.0,1.0,True,rwf,1.0,0.1,all,xavier_uniform,log,,,relative,,expert-grad-norm,stratified,expert,linear,0.05,32.0,uniform,1.0,1.0,1.0,0.0,123.0
2026-06-23 11:59:25.577045,2026-06-23,20260623_115925_577045_job3101350_task6,C:\Users\LB19\OneDrive - CEFAS\Work\mizerPINN2\runs\pde_only_single_species\20260623_115925_577045_job3101350_task6,Development runs,6.0,completed,20000,20000.0,0.0031473959979705,True,150000.0,0.0077999587289796,150000.0,validation/fixtures/pde_single_species,150000.0,36.0,30.0,0.0003,cosine,1e-06,fourier,384.0,5.0,16.0,1.0,True,rwf,1.0,0.1,all,xavier_uniform,log,,,relative,,expert-grad-norm,stratified,expert,linear,0.05,32.0,uniform,1.0,1.0,1.0,0.0,123.0
2026-06-23 11:59:25.577109,2026-06-23,20260623_115925_577109_job3101351_task16,C:\Users\LB19\OneDrive - CEFAS\Work\mizerPINN2\runs\pde_only_single_species\20260623_115925_577109_job3101351_task16,Development runs,16.0,completed,20000,20000.0,0.0020826123705886,True,150000.0,0.0026038403554282,150000.0,validation/fixtures/pde_single_species,150000.0,36.0,30.0,0.0003,cosine,1e-06,fourier,384.0,5.0,16.0,1.0,True,rwf,1.0,0.1,all,xavier_uniform,log,,,relative,,expert-grad-norm,stratified,expert,linear,1.0,128.0,uniform,1.0,1.0,1.0,0.0,123.0
2026-06-23 11:59:25.577109,2026-06-23,20260623_115925_577109_job3101351_task16,C:\Users\LB19\OneDrive - CEFAS\Work\mizerPINN2\runs\ABLATION_RUNS\pde_only_single_species\20260623_115925_577109_job3101351_task16,Ablation runs,16.0,completed,20000,20000.0,0.0020826123705886,True,150000.0,0.0026038403554282,150000.0,validation/fixtures/pde_single_species,150000.0,36.0,30.0,0.0003,cosine,1e-06,fourier,384.0,5.0,16.0,1.0,True,rwf,1.0,0.1,all,xavier_uniform,log,,,relative,,expert-grad-norm,stratified,expert,linear,1.0,128.0,uniform,1.0,1.0,1.0,0.0,123.0
2026-06-24 17:38:37.492717,2026-06-24,20260624_173837_492717_job3107265_task6,C:\Users\LB19\OneDrive - CEFAS\Work\mizerPINN2\runs\pde_only_single_species\20260624_173837_492717_job3107265_task6,Development runs,6.0,completed,20000,20000.0,0.0013664420294617,True,150000.0,0.000482894623669,150000.0,validation/fixtures/pde_single_species,150000.0,36.0,30.0,0.0003,cosine,1e-06,fourier,384.0,5.0,16.0,1.0,True,rwf,1.0,0.1,all,xavier_uniform,log,,,relative,,expert-grad-norm,stratified,expert,linear,0.05,32.0,uniform,1.0,1.0,1.0,0.0,123.0
2026-06-24 17:38:37.492717,2026-06-24,20260624_173837_492717_job3107265_task6,C:\Users\LB19\OneDrive - CEFAS\Work\mizerPINN2\runs\ABLATION_RUNS\pde_only_single_species\20260624_173837_492717_job3107265_task6,Ablation runs,6.0,completed,20000,20000.0,0.0013664420294617,True,150000.0,0.000482894623669,150000.0,validation/fixtures/pde_single_species,150000.0,36.0,30.0,0.0003,cosine,1e-06,fourier,384.0,5.0,16.0,1.0,True,rwf,1.0,0.1,all,xavier_uniform,log,,,relative,,expert-grad-norm,stratified,expert,linear,0.05,32.0,uniform,1.0,1.0,1.0,0.0,123.0
2026-06-24 17:38:38.345605,2026-06-24,20260624_173838_345605_job3107267_task21,C:\Users\LB19\OneDrive - CEFAS\Work\mizerPINN2\runs\pde_only_single_species\20260624_173838_345605_job3107267_task21,Development runs,21.0,completed,20000,20000.0,0.0013246048669107,True,150000.0,0.0004360864769013,150000.0,validation/fixtures/pde_single_species,150000.0,32.0,30.0,0.0003,cosine,1e-06,fourier,384.0,5.0,16.0,1.0,True,rwf,1.0,0.1,all,xavier_uniform,log,,,relative,,expert-grad-norm,stratified,expert,linear,1.0,32.0,uniform,1.0,1.0,1.0,0.0,123.0
2026-06-24 17:38:38.345605,2026-06-24,20260624_173838_345605_job3107267_task21,C:\Users\LB19\OneDrive - CEFAS\Work\mizerPINN2\runs\ABLATION_RUNS\pde_only_single_species\20260624_173838_345605_job3107267_task21,Ablation runs,21.0,completed,20000,20000.0,0.0013246048669107,True,150000.0,0.0004360864769013,150000.0,validation/fixtures/pde_single_species,150000.0,32.0,30.0,0.0003,cosine,1e-06,fourier,384.0,5.0,16.0,1.0,True,rwf,1.0,0.1,all,xavier_uniform,log,,,relative,,expert-grad-norm,stratified,expert,linear,1.0,32.0,uniform,1.0,1.0,1.0,0.0,123.0
2026-06-24 17:38:38.345608,2026-06-24,20260624_173838_345608_job3107266_task16,C:\Users\LB19\OneDrive - CEFAS\Work\mizerPINN2\runs\ABLATION_RUNS\pde_only_single_species\20260624_173838_345608_job3107266_task16,Ablation runs,16.0,unknown,20000,20000.0,0.001049271678203,True,78000.0,0.0005127479116171,78000.0,validation/fixtures/pde_single_species,150000.0,36.0,30.0,0.0003,cosine,1e-06,fourier,384.0,5.0,16.0,1.0,True,rwf,1.0,0.1,all,xavier_uniform,log,,,relative,,expert-grad-norm,stratified,expert,linear,1.0,128.0,uniform,1.0,1.0,1.0,0.0,123.0
2026-06-24 17:38:38.345608,2026-06-24,20260624_173838_345608_job3107266_task16,C:\Users\LB19\OneDrive - CEFAS\Work\mizerPINN2\runs\pde_only_single_species\20260624_173838_345608_job3107266_task16,Development runs,16.0,unknown,20000,20000.0,0.001049271678203,True,78000.0,0.0005127479116171,78000.0,validation/fixtures/pde_single_species,150000.0,36.0,30.0,0.0003,cosine,1e-06,fourier,384.0,5.0,16.0,1.0,True,rwf,1.0,0.1,all,xavier_uniform,log,,,relative,,expert-grad-norm,stratified,expert,linear,1.0,128.0,uniform,1.0,1.0,1.0,0.0,123.0
2026-06-25 11:27:58.099227,2026-06-25,20260625_112758_099227,C:\Users\LB19\OneDrive - CEFAS\Work\mizerPINN2\runs\pde_only_single_species\20260625_112758_099227,Development runs,,unknown,20000,,,False,,,,validation/fixtures/pde_single_species,,,,,,,,,,,,,,,,,,,,,,,,,,,,,,,,,,
