0,1,2,3,4,5,6,7,8,9,10,11,12,13,14,15,16,17,18,19,20,21,22,23,24,25,26,27,28,29,30,31,32,33,34,35,36,37,38,39,40,41,42,43,44,45,46,47,48,49,50,51,52,53,54,55,56,57,58,59,60,61,62,63,64,65,66,67,68,69,70,71,72,73,74,75,76,77,78,79,80,81,82,83,84,85,86,87,88,89,90,91,92,93,94,95,96,97,98,99,100,101,102,103,104,105,106,107,108,109,110,111,112,113,114,115,116,117,118,119,120,121,122,123,124,125,126,127,128,129,130,131,132,133,134,135,136,137,138,139,140,141,142,143,144,145,146,147,148,149,150,151,152,153,154,155,156,157,158,159,160,161,162,163,164,165,166,167,168,169,170,171,172,173,174,175,176,177,178,179,180,181,182,183,184,185,186,187,188,189,190,191,192,193,194,195,196,197,198,199,200,201,202,203,204,205,206,207,208,209,210,211,212,213,214,215,216,217,218,219,220,221,222,223,224,225
0.0,0.0,0.0,0.0,0.0,0.0,0.0,0.0,0.0,0.0,0.0,0.0,0.0,0.0,0.0,0.0,0.0,0.0,0.0,0.0,0.0,0.0,0.0,0.0,0.0,0.0,3.2084530512825353e-17,2.4384029403368935e-16,2.3565711581211425e-16,2.5964389441624047e-16,3.307120087260715e-16,6.923986586518208e-16,1.5287787773433214e-15,5.72396350236694e-15,2.4858412605700962e-14,1.0921867452293661e-13,4.605623374852304e-13,1.8573507530365966e-12,7.146706982871576e-12,2.622859140356386e-11,9.181838463963594e-11,3.066377496455504e-10,9.770672148418848e-10,2.9709920792205775e-09,8.622669733175104e-09,2.3891390434454558e-08,6.321343950630831e-08,1.5976050053355046e-07,3.858000151770872e-07,8.905305791610202e-07,1.9656838302665592e-06,4.151153642249771e-06,8.391870901980257e-06,1.6250483080622148e-05,3.0166063757410103e-05,5.372738013224992e-05,9.190478443406265e-05,0.00015116714089063213,0.0002394118805914243,0.00036566748915669694,0.0005395892853970593,0.0007708475169410538,0.0010685743959551702,0.001441062399648542,0.0018958693201785843,0.002440389204962675,0.003082822215577973,0.003833366321445155,0.004705401260439765,0.005716458505814512,0.00688885684766707,0.008249994589175295,0.009832383758208253,0.01167355987607327,0.013815996425574089,0.01630711051266344,0.019199389364185186,0.02255061796055485,0.026424158186829853,0.030889220577935302,0.03602107519973445,0.04190116064172224,0.04861706342154215,0.05626235136426869,0.06493625346457652,0.07474318658193842,0.08579213757868825,0.09819591930105857,0.11207033056398882,0.12753326380831576,0.14470381858721246,0.16370149334988615,0.18464554079147458,0.20765458224178573,0.23284658425378885,0.2603393089098681,0.29025136834369714,0.32270406633656906,0.357824339062263,0.3957493832083061,0.43663407259707443,0.4806630833364775,0.52807071996733,0.5791724068904957,0.6344117961271325,0.6944248821486483,0.760115360751294,0.8327220506133497,0.9138399097491422,1.0053356523412504,1.1090874992484951,1.226490952074677,1.3577224658126066,1.5008438776763344,1.6509455156339343,1.7996242632998158,1.9351190512776602,2.043333593658651,2.1097564652631178,2.121992008450023,2.0723446629030975,1.9597720629900677,1.790616987968135,1.5778385691798829,1.3388896737141236,1.0927757156395566,0.8570383956308102,0.6453691994047017,0.466305631224782,0.32310976454029594,0.2146077319171431,0.13657888791068745,0.08325564352287723,0.048596135781655,0.02715358235898571,0.014520440738878149,0.007429473595939207,0.0036363607220068622,0.0017022259503775491,0.0007619459081865815,0.00032606722359990875,0.00013337952509596962,5.21430430003092e-05,1.9478607586151386e-05,6.9519353611512125e-06,2.3701424786450043e-06,7.717938482337816e-07,2.4000817587521706e-07,7.126738422319479e-08,2.0204134868612167e-08,5.467909800285775e-09,1.412483300461398e-09,3.4823969922992415e-10,8.193339062767535e-11,1.8395139578242237e-11,3.9410141816631494e-12,8.063870751695568e-13,1.5815907611349544e-13,3.048906613289937e-14,6.464447033227572e-15,2.3991225672759242e-15,1.6631661325927638e-15,1.570250006410756e-15,1.5243882545146192e-15,1.6413736689258052e-15,1.6528662119541515e-15,1.7077810519905423e-15,1.676013928336717e-15,1.7523282087525405e-15,1.6419699801206722e-15,1.8184780938013123e-15,1.6733169754326593e-15,1.6971389300412393e-15,1.733344506338677e-15,1.6987305049491301e-15,1.6696747337594658e-15,1.6616296148264445e-15,1.7444393673982875e-15,1.5340924727632953e-15,1.6716400619553326e-15,1.7529494544797923e-15,2.0158493171870955e-15,2.0101106879946017e-15,1.9855289456595153e-15,1.5999029122535872e-15,0.0,0.0,0.0,0.0,0.0,0.0,0.0,0.0,0.0,0.0,0.0,0.0,0.0,0.0,0.0,0.0,0.0,0.0,0.0,0.0,0.0,0.0,-0.0,0.0,0.0,-0.0,0.0,-0.0,-0.0,-0.0,-0.0,-0.0,-0.0,-0.0,-0.0,-0.0,-0.0,-0.0,-0.0,-0.0,-0.0
6.052208121522017e-10,9.767309468187133e-10,1.5637757237395393e-09,2.483860344358224e-09,3.9142336433708525e-09,6.119955969309955e-09,9.493973520925438e-09,1.4613789605334978e-08,2.2320858985088875e-08,3.3830742075765824e-08,5.08844484114256e-08,7.59544637557448e-08,1.125224841176248e-07,1.6545035185739138e-07,2.4147080806010384e-07,3.4983074884900597e-07,5.031267276300402e-07,7.183803085094525e-07,1.0184100332966082e-06,1.4335666489783403e-06,2.0039095619418022e-06,2.7819146972188897e-06,3.835817748060808e-06,5.253711981789227e-06,7.148537169496968e-06,9.664115927816865e-06,1.2982417225417574e-05,1.7332254734777952e-05,2.2999661852309247e-05,3.0340227666102615e-05,3.979373108248568e-05,5.1901476984134404e-05,6.732682206112612e-05,8.687948260204288e-05,0.00011154434727432478,0.00014251567908974897,0.000181237789181793,0.00022945350666316744,0.000289262062366171,0.00036318835871450457,0.0004542660257221657,0.0005661371787837697,0.0007031724176581372,0.00087061536310463,0.0010747569522121096,0.0013231458501489143,0.001624842742879095,0.0019907280273386697,0.0024338746078682496,0.0029700002583944295,0.003618017463754541,0.004400702981255212,0.00534551476271496,0.006485590564858236,0.007860970780137819,0.00952009796102104,0.011521657372163022,0.01393683679643572,0.016852099720739623,0.02037258371559779,0.024626254791350027,0.02976896787030106,0.035990601866825025,0.04352245321511735,0.05264608131321991,0.06370379975995608,0.07711099413540232,0.09337041534059705,0.1130885414922645,0.13699401507883802,0.16595803968930362,0.20101645707477822,0.24339301714490436,0.2945230998697018,0.3560768517605605,0.42998036825609204,0.5184332004051407,0.623920109852438,0.7492146674957265,0.897372022376948,1.0717079983686153,1.2757616509745602,1.5132385800716923,1.7879326887449913,2.1036247378150867,2.4639569913221404,2.8722844823863216,3.3315049297750394,3.8438710533223017,4.410790890866709,5.032623600357507,5.70848000138286,6.436038614089409,7.2113890245215835,8.028914882292133,8.881228577657316,9.759168545614624,10.651868152281109,11.546902247262224,12.43051380363217,13.287918780895733,14.103682675452074,14.862157467946709,15.547963178544101,16.14649435504355,16.644428884172367,17.030214824419648,17.294510722211072,17.430556201667386,17.43445250142627,17.30533693402468,17.04544070819412,16.660025823995912,16.15720339300822,15.547642281081377,14.844182952720766,14.06137639087067,13.214971631225676,12.321377553204874,11.397125005225398,10.458354138405523,9.520349135552532,8.597138614664587,7.7011752019412185,6.843102498625235,6.031612309328754,5.273389932869836,4.573140861930537,3.9336886404200255,3.3561310429134386,2.840040231059598,2.383692081195125,1.9843103636203048,1.6383127273314053,1.3415473077526738,1.0895110168352038,0.8775429865196629,0.7009890301665309,0.5553352067273578,0.4363105033097219,0.3399602195002005,0.2626928077539623,0.20130370008763332,0.1529800622628814,0.11529051281892666,0.08616368785553641,0.06385918999080287,0.046933996241853015,0.034206873054059395,0.024722806178807955,0.01771893639708788,0.012593025814099934,0.008875079796634072,0.006202423829960335,0.004298282761940442,0.0029537270298635177,0.002012728136970454,0.001359993718215921,0.0009112203949054945,0.0006054001228543715,0.00039883383698971486,0.000260537267493241,0.00016876177792334718,0.00010839338818095096,6.903257850219766e-05,4.359394807177536e-05,2.7297153575994715e-05,1.6948289259103785e-05,1.0433980689804334e-05,6.3692478161764265e-06,3.855124796300555e-06,2.313656554490777e-06,1.376786850073794e-06,8.123365418163248e-07,4.752183734133171e-07,2.75623714705419e-07,1.584762097329908e-07,9.03117666870186e-08,5.0986738839428267e-08,2.848790638262065e-08,1.571678743877633e-08,8.517332076175138e-09,4.478469083101823e-09,2.214417212098585e-09,9.372257642279586e-10,2.088851224152713e-10,0.0,0.0,0.0,0.0,0.0,0.0,0.0,0.0,0.0,0.0,0.0,0.0,0.0,0.0,0.0,0.0,0.0,0.0,0.0,0.0,0.0,0.0,0.0,0.0,0.0,0.0,0.0,0.0,0.0,0.0,0.0,0.0,0.0,0.0,0.0,0.0,0.0,0.0,0.0,0.0
0.0,0.0,0.0,0.0,0.0,0.0,0.0,0.0,0.0,0.0,0.0,0.0,0.0,0.0,0.0,0.0,0.0,0.0,0.0,0.0,0.0,0.0,0.0,0.0,0.0,0.0,0.0,0.0,0.0,0.0,0.0,0.0,0.0,0.0,0.0,0.0,0.0,0.0,0.0,0.0,0.0,0.0,0.0,0.0,0.0,2.4702462297909733e-15,9.825473767932635e-15,2.6367796834847468e-14,6.772360450213455e-14,1.6131540547803525e-13,3.7547742692822794e-13,8.560929742884582e-13,1.9246826354901714e-12,4.261924146931051e-12,9.307443704642537e-12,2.0049295557100777e-11,4.260991559590366e-11,8.935141515564737e-11,1.8487855690807464e-10,3.77470499302035e-10,7.605036600466519e-10,1.512011849058581e-09,2.9665949696777716e-09,5.744130948670545e-09,1.0976585418376317e-08,2.0701516501020478e-08,3.853409635823368e-08,7.079675956589426e-08,1.283881654323693e-07,2.2982617364775138e-07,4.0612307206089326e-07,7.084704871651581e-07,1.220156674808237e-06,2.074744740010459e-06,3.4833435225145593e-06,5.774837952277068e-06,9.454239392692187e-06,1.528587928190106e-05,2.4409985616369312e-05,3.850319811382619e-05,5.999569322057141e-05,9.235964649434436e-05,0.00014048554224510568,0.00021116407965893202,0.00031369182024443276,0.000460617968199184,0.0006686475122088531,0.0009597122190099228,0.0013622156472066216,0.001912451641836732,0.0026561881138822407,0.0036503999819799127,0.004965127829479776,0.006685433085555914,0.008913417312071958,0.011770273190187641,0.015398338369227549,0.019963130207311774,0.025655348653676358,0.032692844443603875,0.04132255813338315,0.05182243963911404,0.06450335514655814,0.07971097616764888,0.09782762255052213,0.11927399698130947,0.14451070395165289,0.17403939383580858,0.20840331658611827,0.24818701471893606,0.2940148375284882,0.3465479238003478,0.40647928427479885,0.47452662242229937,0.5514225661620755,0.6379020459101653,0.7346866461397038,0.8424658772903518,0.9618754597551984,1.0934728778537752,1.2377106439599035,1.3949079048262338,1.565221215855167,1.7486154954519442,1.9448363401141169,2.1533850197555537,2.3730447395902132,2.6032252144110664,2.8425758572672652,3.0894559582449377,3.3419440276569943,3.597857349377666,3.8547822555501234,4.110115192598347,4.361114143132975,4.6049594212496245,4.838822297571831,5.059939366600936,5.265690075859418,5.453674424859547,5.621787549666333,5.768287764489954,5.891854599174094,5.991633477426657,6.06726412125235,6.118890267170238,6.147148931347459,6.153138315937478,6.138364443113529,6.104667709734077,6.05413175038384,5.988978438964796,5.911453589937212,5.8237093157055675,5.727689752688741,5.625027350168223,5.5169569624872254,5.404254506607856,5.287205897947695,5.165610359417633,5.038820068553109,4.905815578251301,4.765313659453595,4.615901384899333,4.456187619982312,4.284961009253619,4.101342002887955,3.9049161512950645,3.6958367190397396,3.474886861971597,3.2434950329730845,3.0037010946372007,2.7580757952976738,2.5096010551605827,2.261523636562433,2.0171886340816676,1.7798598999170758,1.5525617575788084,1.3379456247775723,1.138181454463271,0.9547902807804458,0.7885645617869204,0.6384548137064521,0.4993667659773522,0.36991593903065983,0.25990004096064934,0.1732371568821543,0.10778035529329352,0.060486350438033756,0.028545327197693336,0.009363180206971,0.0005476027623080319,0.0,0.0,0.0,0.0,0.0,0.0,0.0,0.0,0.0,0.0,0.0,0.0,0.0,0.0,0.0,0.0,0.0,0.0,0.0,0.0,0.0,0.0,0.0,0.0,0.0,-0.0,0.0,-0.0,-0.0,-0.0,-0.0,-0.0,-0.0,-0.0
1.1933100710452436e-05,1.467878163203768e-05,1.8016535043429045e-05,2.2065075065514175e-05,2.696502559231028e-05,3.288259245062582e-05,4.001378395673026e-05,4.858925074323277e-05,5.8879823235022737e-05,7.120283327229559e-05,8.592931506276656e-05,0.0001034921899397739,0.00012439554933942737,0.0001492251609134256,0.00017866033385386429,0.00021348729125220922,0.00025461420961073525,0.0003030880985085045,0.0003601137067509821,0.0004270746551400711,0.0005055570101103621,0.0005973755268856439,0.0007046028052747903,0.000829601615731163,0.0009750606674965174,0.0011440341044647432,0.001339985027430325,0.001566833353391034,0.001829008333128052,0.002131506056911695,0.002479952284422082,0.002880670938069795,0.003340758598266353,0.003868165333857789,0.00447178218999727,0.005161535638035435,0.005948489266311971,0.0068449529555366685,0.007864599736282462,0.009022590466964308,0.010335706396912746,0.011822489588280881,0.01350339106060766,0.015400926390284071,0.017539838341586813,0.019947265923797256,0.022652919057829082,0.025689257793372684,0.029091674741905688,0.032898679080196766,0.03715208013223376,0.041897168154309807,0.047182889528926845,0.05306201311989443,0.05959128405654639,0.06683156070406057,0.07484793004585781,0.08370979616152949,0.09349093594045502,0.10426951564030712,0.11612806139670163,0.12915337633342266,0.14343639653258844,0.15907197782379873,0.17615860516563833,0.1947980163486409,0.21509473187359457,0.23715548318117444,0.26108853195595993,0.2870028740263608,0.3150073224556182,0.3452094657879358,0.37771449909294724,0.41262392744964727,0.45003414382838614,0.4900348859581176,0.5327075796870437,0.5781235795279471,0.6263423204825187,0.6774093988067638,0.7313546030443588,0.7881899203362452,0.847907546620924,0.9104779327686122,0.9758479018330608,1.0439388753409116,1.11464524875057,1.1878329577818354,1.263338278129513,1.3409669010231422,1.4204933260881163,1.5016606109254111,1.584180513704465,1.6677340608285491,1.7519725663857393,1.836519123674896,1.9209705816624232,2.0049000108847137,2.0878596542006305,2.1693843480890473,2.2489953900801933,2.3262048176349563,2.400520053593425,2.4714488634682446,2.538504560632983,2.6012113871235716,2.659109990595956,2.711762912211525,2.7587599960732416,2.7997236284942493,2.834313714989074,2.8622323045286984,2.8832277743330206,2.897098494269876,2.9036958977099108,2.9029268953157064,2.89475557952756,2.879204180203398,2.856353245684699,2.826341038166985,2.789362147295066,2.74566534100717,2.6955506874375277,2.639365995780988,2.577502637068373,2.510390817470045,2.4384943647885433,2.362305228339413,2.282337569759701,2.1991217654451534,2.113198311584228,2.0251117554856295,1.9354047514176507,1.8446123340916214,1.7532564959279542,1.6618411455710267,1.5708475150376706,1.480730071692778,1.3919129792641682,1.3047871396664394,1.21970783482885,1.1369929753327033,1.056921950755944,0.9797350654660817,0.90563353343477,0.8347799966582522,0.7672995241093318,0.7032810419241526,0.6427791407985401,0.5858162033474976,0.5323847924397431,0.48245024119410496,0.435953386297562,0.39281338847502933,0.35293058713649056,0.3161893402896985,0.28246080556024517,0.251605623426634,0.22347646938019805,0.1979204474898626,0.17478130363351746,0.15390144231071476,0.13512373635077687,0.11829312387407122,0.10325799146517635,0.08987134663392965,0.07799178619459966,0.06748427019783672,0.058220713480775926,0.05008040878612414,0.04295029674175872,0.03672509884401945,0.03130732999151349,0.026607207123348332,0.022542470183527903,0.019038131011311923,0.016026164899170463,0.013445158546576762,0.011239926973558327,0.009361110700120872,0.007764763003190274,0.006411935943264873,0.005268270096858239,0.004303588560709778,0.003491508565829417,0.0028090927313897873,0.0022365145074747317,0.0017567205176127,0.0013550413165129183,0.001018379115493173,0.0007319146879158937,0.0004681237826314982,0.000247812605111147,0.00010627849239798785,3.755511762568121e-05,1.0534402877258441e-05,2.1077035277322718e-06,2.3230492881632162e-07,0.0,0.0,0.0,0.0,0.0,0.0,0.0,0.0,0.0,0.0,0.0,0.0,0.0,0.0,0.0,0.0,0.0,0.0,0.0,0.0,0.0,0.0,0.0,0.0,0.0,0.0,0.0,0.0
2.691865412418246e-17,2.669806159842682e-17,2.6641151572283172e-17,2.632545054347922e-17,3.6572267117343796e-17,3.5849963907475754e-17,3.6942562790359284e-17,3.293613210502248e-17,3.7130359259188423e-17,4.3874497623773104e-17,3.746707801677916e-17,3.424305844770217e-17,3.956832025909454e-17,2.9827982341790693e-17,3.71943416795694e-17,4.178817441098573e-17,5.0541089460292164e-17,4.238693571482714e-17,5.0511006555774835e-17,6.952643548203269e-17,1.110431738837316e-16,1.7211004730325488e-16,2.9069350848344425e-16,5.395015685974084e-16,9.953180190853782e-16,1.8564087594021325e-15,3.4649851000248338e-15,6.4084187931974334e-15,1.1796639906777804e-14,2.153154939671785e-14,3.901301448506946e-14,7.011264197750311e-14,1.2495761735997583e-13,2.208953726450533e-13,3.8729704664695885e-13,6.735003180158294e-13,1.1616493899614666e-12,1.9872868270692096e-12,3.372090042093323e-12,5.67549241110854e-12,9.474984165314115e-12,1.5690453819029726e-11,2.5774115047089152e-11,4.1998526401423875e-11,6.788860142450948e-11,1.0886395669477966e-10,1.731840361222925e-10,2.733260410538174e-10,4.2797382044518217e-10,6.648609371384673e-10,1.0247952113642822e-09,1.5672999313307012e-09,2.378444066697405e-09,3.581604357712209e-09,5.352112197876124e-09,7.936992325527359e-09,1.168130258494271e-08,1.7062938470133182e-08,2.4738173391714025e-08,3.5600665741764015e-08,5.085717424621605e-08,7.212377648585511e-08,1.01546975037059e-07,1.4195468902092334e-07,1.9704275285720163e-07,2.716031660861262e-07,3.718009444625414e-07,5.055070051093735e-07,6.826950716409819e-07,9.159111155759847e-07,1.2208243708664024e-06,1.6168694961932184e-06,2.1279900573392685e-06,2.7834942038645893e-06,3.6190342940917164e-06,4.677723334088613e-06,6.011402513286801e-06,7.682075896783824e-06,9.763530504462714e-06,1.2343162579274425e-05,1.552403378708711e-05,1.94271843108329e-05,2.41942331724726e-05,2.9990299428697687e-05,3.7007280904242934e-05,4.546752954257688e-05,5.562796394233474e-05,6.778465986748486e-05,8.227795813613159e-05,9.9498126009432e-05,0.00011989160278939523,0.00014396785264749606,0.00017230683771575148,0.00020556711228113256,0.0002444945247713978,0.0002899314984945306,0.00034282684531262986,0.00040424604923666556,0.00047538194005129417,0.0005575656613057891,0.0006522778231284557,0.0007611597190745768,0.0008860244782112076,0.0010288680192696523,0.001191879673041376,0.0013774523419050238,0.0015881920705522298,0.001826926908036249,0.0020967149457989816,0.0024008514160028024,0.0027428747249725258,0.0031265712724942354,0.0035559788628624,0.0040353884409630005,0.004569343779095523,0.005162638590770753,0.005820310350664602,0.006547629851843406,0.007350085232503259,0.008233358860098858,0.009203295082858467,0.010265856467412786,0.011427065766034953,0.012692930537154503,0.014069347127455094,0.015561980670490356,0.017176066368659017,0.018916388047058683,0.020786910654613227,0.022790593689911987,0.024929118403261508,0.027202586524196923,0.029609196013654696,0.0321449021271039,0.034803075053864,0.03757416839425856,0.04044541553168132,0.0434005732980127,0.04641973394574292,0.04947922705615386,0.05255163238689048,0.0556059225993186,0.058607751193688586,0.06151989580870859,0.06430286042911676,0.06691563223111756,0.06931658015750045,0.07146447334380088,0.07331958879124537,0.0748448698293474,0.0760070905618095,0.07677797722451248,0.07713523565514703,0.07706343522702686,0.07655470373686565,0.07560919477419838,0.07423529872501008,0.07244958025457417,0.07027643818232478,0.06774749729016254,0.06490075492075441,0.06177951736122013,0.05843117117760094,0.05490584222567199,0.051254999544556104,0.04753006258213997,0.04378106810664051,0.04005544805134556,0.036396961831323356,0.03284481698480887,0.02943300101909025,0.02618983586004528,0.02313775508329215,0.020293294020659568,0.01766727486381588,0.015265158901093968,0.013087529773469653,0.011130681060512633,0.009387269120036491,0.007846972166913747,0.0064969416626015665,0.005321251914848004,0.004296503489512958,0.0034059089694748424,0.002649618660763593,0.0020257043909859204,0.0015206794937909175,0.0011180862684448873,0.0008024081458039158,0.0005596469345691784,0.00037716237610643924,0.0002436745462151577,0.00014924760623094983,8.520328412328203e-05,4.409670261369825e-05,1.9678202841506995e-05,6.804143818120668e-06,1.3180232248992634e-06,0.0,0.0,0.0,0.0,0.0,-0.0,0.0,0.0,0.0,0.0,0.0,0.0,0.0,0.0,0.0,0.0,0.0,0.0,0.0,0.0,0.0,0.0,0.0,0.0,0.0,0.0,0.0,0.0
1.7808401847900675e-16,6.317425830506748e-17,6.304225516855504e-17,0.0,1.141178373078157e-19,0.0,0.0,0.0,0.0,0.0,0.0,0.0,0.0,0.0,0.0,0.0,0.0,0.0,0.0,0.0,0.0,0.0,0.0,0.0,0.0,0.0,0.0,0.0,0.0,0.0,0.0,0.0,0.0,0.0,0.0,0.0,0.0,0.0,0.0,0.0,0.0,0.0,0.0,0.0,0.0,0.0,2.220446049250313e-16,1.1657341758564144e-15,3.3306690738754696e-15,8.604228440844963e-15,2.015054789694659e-14,4.6906922790412864e-14,1.0624834345662748e-13,2.355893258254582e-13,5.142553050063725e-13,1.10772502281975e-12,2.3545054794738007e-12,4.937494857415459e-12,1.0216105739146997e-11,2.0857648941330353e-11,4.2021108814793706e-11,8.354200664584255e-11,1.639040569934025e-10,3.1734909144987e-10,6.064038715614117e-10,1.1436121494234897e-09,2.128647980104148e-09,3.910699708509213e-09,7.091677967085985e-09,1.2694251538825085e-08,2.2431056068139554e-08,3.9129055384723443e-08,6.738761682001382e-08,1.1458235166239561e-07,1.9237115439496577e-07,3.1891612545242864e-07,5.221066707861155e-07,8.441556886840118e-07,1.348041625437446e-06,2.1263815007110942e-06,3.313438454000117e-06,5.101083581982024e-06,7.759634440385188e-06,1.1664567451774577e-05,1.7330132943083054e-05,2.545087403038604e-05,3.695195130265505e-05,5.304899704777766e-05,7.531796755805287e-05,0.00010577514348394934,0.0001469670735096129,0.00020206990646423617,0.00027499726284416215,0.0003705156155010825,0.0004943661351437534,0.0006533921504978946,0.0008556717928643598,0.001110656023927209,0.0014293130269473903,0.0018242807754164786,0.002310030342604935,0.0029030430167473475,0.003622004368176751,0.004488017918646767,0.005524839868898727,0.006759134386322266,0.00822074625243295,0.009942984312785494,0.011962905330504064,0.014321583754324584,0.017064348852933578,0.020240966939345816,0.023905743307492094,0.028117516298233346,0.03293951483488769,0.03843905100548599,0.044687020963295396,0.05175719067396476,0.059725247930918074,0.0686676086355003,0.07865997360640066,0.08977564210745521,0.10208359975553563,0.11564641127963328,0.13051796240184457,0.146741109390514,0.16432023340436272,0.18329430483324022,0.20365828602042796,0.22538735523982478,0.2484354013202215,0.27273399199256365,0.2981919141736658,0.3246953695351421,0.3521088869490374,0.3802769852306894,0.40902658607375697,0.4381701398206861,0.467509387888476,0.49683964744602527,0.5259544698137224,0.5546504961495455,0.5827323135207394,0.6100171032157858,0.6363388770877432,0.6615521099261374,0.6855345976859231,0.7081894028880908,0.7294457851572245,0.749259053876355,0.7676093205473553,0.7844991740325487,0.7999503231557703,0.8139992921269028,0.8266922816406361,0.8380793377185833,0.8482080025838705,0.8571166597078186,0.86482783045371,0.8713417321273392,0.8766304634588207,0.8806332370136432,0.8832531156682644,0.8843557200628047,0.8837703375653811,0.8812937879132172,0.8766972424517969,0.8697359941851235,0.860161925550003,0.8477381489512271,0.832255072711769,0.8135468463289393,0.7915071208608511,0.7661031248310131,0.7373875373440278,0.7055057021402904,0.6706953685721608,0.6332837809084724,0.5936806726593331,0.5523663140021842,0.509863369328585,0.46674843641122105,0.4236119677939669,0.3810259310193995,0.3395279441349788,0.29960805895415266,0.2616892473479465,0.22604094583097542,0.19282701156564583,0.1618919844966972,0.1331919615515178,0.1073805590784421,0.08517487460275033,0.06651187351353224,0.0510526076412181,0.038418191970233315,0.02824559918590669,0.020194994012700734,0.013951510895769867,0.009226761052759963,0.005760017297334006,0.0033184610288331784,0.0016960190514075306,0.0007105082417074035,0.00019886834139165547,1.0252061124835438e-05,0.0,0.0,0.0,0.0,0.0,0.0,0.0,0.0,0.0,0.0,0.0,0.0,0.0,0.0,0.0,0.0,0.0,0.0,0.0,0.0
7.805387433124696e-17,8.192592663094239e-17,6.885389628499645e-17,1.1919998784204658e-16,1.5352171116600255e-16,1.9693887262321397e-16,2.0298942314610023e-16,2.440580713993294e-16,1.9553486919102566e-16,1.9616041956618521e-16,2.408435247026274e-16,2.4321452584553764e-16,2.310266804368782e-16,2.4002488431630866e-16,3.1935332485749163e-16,3.5725302660644215e-16,5.080240541109277e-16,7.159727767878388e-16,1.1439502230507783e-15,1.8062895213008944e-15,3.149906198722666e-15,5.7702598710512195e-15,1.0348632766390961e-14,1.9160098375087847e-14,3.509215371173352e-14,6.395890138623054e-14,1.1557447605556066e-13,2.07738702948752e-13,3.7054287047554035e-13,6.554126951449982e-13,1.1498800501184847e-12,2.0012716391839755e-12,3.454574896543522e-12,5.9148877744504e-12,1.004513659752515e-11,1.6921357652750768e-11,2.827389971454819e-11,4.686222503796911e-11,7.704650199086283e-11,1.2565711275322466e-10,2.0329954733555589e-10,3.2629649763388224e-10,5.195504096389136e-10,8.207204690163783e-10,1.2862605529295745e-09,2.000061827961419e-09,3.0857034392928195e-09,4.7236499434166745e-09,7.175155983252246e-09,1.0815174700251617e-08,1.617721650387649e-08,2.401390616912913e-08,3.537793678842771e-08,5.172924176510829e-08,7.507550753294012e-08,1.0815462747615356e-07,1.5466935526786685e-07,2.195862351395128e-07,3.0951285187597044e-07,4.3316953007854764e-07,6.019737839035866e-07,8.307580554867133e-07,1.1386435533056183e-06,1.550095295316245e-06,2.096185790667615e-06,2.816097204094703e-06,3.758894384198186e-06,4.985603952789575e-06,6.571637897301308e-06,8.609603969034207e-06,1.1212549961225893e-05,1.451769484667187e-05,1.8690707109525473e-05,2.3930599655663798e-05,3.0475321647793763e-05,3.860814062978113e-05,4.8664923383234804e-05,6.104244099358613e-05,7.620784233663969e-05,9.470946015072146e-05,0.00011718913445751822,0.0001443962586459291,0.0001772037731150311,0.00021662634926494784,0.0002638410218666343,0.00032021053988906534,0.0003873097140783266,0.0004669550438736736,0.0005612379066781692,0.0006725615896302217,0.0008036824388066577,0.0009577553945540329,0.001138384176132906,0.001349676376025788,0.0015963037262476942,0.0018835678078945595,0.002217471492821796,0.0026047964340974727,0.0030531869602239137,0.0035712407763631576,0.004168606931611099,0.004856091570267382,0.005645772039979298,0.006551119970244476,0.007587133946964274,0.008770482374062104,0.010119657008362266,0.011655137450533436,0.013399566539364128,0.015377936090458406,0.017617781701159352,0.020149384366119037,0.023005975367371846,0.02622393927722474,0.02984300790787133,0.03390643563814647,0.03846114374592785,0.04355781820401456,0.0492509419257738,0.05559873878987783,0.0626630031031403,0.07050878471291738,0.07920389706059813,0.08881821344897756,0.09942271611512121,0.11108826384155653,0.12388399217622113,0.1378755997675002,0.15312294248237637,0.1696775074011923,0.1875794882344734,0.20685455857658996,0.2275104029134762,0.24953309186417028,0.2728834161421376,0.29749332163537,0.3232626139116703,0.3500561221398564,0.37770152747351654,0.40598806694041967,0.4346663185693088,0.46344925502382517,0.49201472021298476,0.5200094358995093,0.5470545839934297,0.5727529369482751,0.5966974266432883,0.6184809556520711,0.6377071691214615,0.654001826496299,0.667024346118156,0.676479048107914,0.6821255969099587,0.6837881481391666,0.6813627368848989,0.6748225063054655,0.6642204639129194,0.6496895639743339,0.631440041610014,0.6097540596458089,0.584977864381043,0.5575117722700478,0.5277984177009425,0.496309775431945,0.46353352443687734,0.4299593398796574,0.39606568591260427,0.3623076358948113,0.32910617252302377,0.2968393242395853,0.26583538339199253,0.23636833393079965,0.20865549990679516,0.1828573180712582,0.15907904487167318,0.13737413291811362,0.11774895823088524,0.10016855549285071,0.08456300867025787,0.07083415703900361,0.058862280665055916,0.048512609596262274,0.03964126502818276,0.03210054097983496,0.025743460081084406,0.020427525210404494,0.016017565295273147,0.012387014117289923,0.009416965260996508,0.00698319047063654,0.005010577864348925,0.0034510680840428134,0.0022979685380733975,0.0014833670915886344,0.000925884840561631,0.0005559215265431769,0.0003186844692811054,0.0001725698039826859,8.689701283267587e-05,3.9710720557980224e-05,1.5812992990415795e-05,5.083726385757948e-06,1.1051165162054821e-06,7.724499103239147e-08,0.0,0.0,0.0,0.0,0.0,-0.0,0.0,-0.0,0.0,-0.0,-0.0,-0.0,0.0,-0.0,-0.0,-0.0,0.0,0.0,0.0,0.0,0.0,0.0
1.401792279149278e-16,1.2849984794726288e-16,1.1192880059682578e-16,9.684869625608845e-17,1.2322672550122884e-16,1.0707186156489103e-16,9.899867184419239e-17,1.1725233153278638e-16,1.153175866857075e-16,1.2018498045340432e-16,1.5056752163505312e-16,1.0852801046289468e-16,1.1067722256329323e-16,1.4313218163804208e-16,2.380154558132642e-16,1.421050400385717e-16,2.331807513961949e-16,2.942449852823835e-16,3.881107656792098e-16,6.790363665668757e-16,1.3372075860827596e-15,2.578990743198675e-15,5.0878939561078494e-15,1.0156036427374709e-14,2.0285704113605183e-14,4.0034211838926575e-14,7.856084395672437e-14,1.5280767308856686e-13,2.9466745807907076e-13,5.631052371377132e-13,1.0663560022855186e-12,2.0006500043509635e-12,3.719440257700314e-12,6.851368437279566e-12,1.250483751784456e-11,2.2614236116444983e-11,4.0522531998769123e-11,7.194966412211404e-11,1.2658660705484708e-10,2.2068898195438252e-10,3.8125580627658764e-10,6.526865287115585e-10,1.107274152901093e-09,1.861565156907087e-09,3.1015950970741946e-09,5.121383874710089e-09,8.38102716220479e-09,1.3593393030121581e-08,2.1852089333342095e-08,3.4818261262885286e-08,5.4990238750572684e-08,8.608843861390714e-08,1.335986287449159e-07,2.055300696215262e-07,3.1346154516845304e-07,4.739681726314421e-07,7.105453282765795e-07,1.0561730343222608e-06,1.5566944654814285e-06,2.275215256895141e-06,3.297765062103275e-06,4.740497909272445e-06,6.758741499232612e-06,9.558235424131367e-06,1.3408921815505348e-05,1.8661666402422505e-05,2.576829073290543e-05,3.5305284987727226e-05,4.800154367121112e-05,6.477042263154653e-05,8.67463556868675e-05,0.0001153261942430095,0.00015221534672291148,0.00019947870059866535,0.0002595962134022134,0.00033552296563266193,0.00043075338280956776,0.0005493892594729544,0.0006962111558028727,0.0008767526856169328,0.0010973771669410548,0.0013653560532078113,0.00168894849078019,0.0020774812403367426,0.0025414280377118736,0.0030924872365997447,0.0037436562566350584,0.004509300946904576,0.0054052174661617935,0.006448683686513995,0.007658496468525677,0.009054990466355328,0.010660033447440542,0.012496992508318205,0.014590665099725064,0.016967168507092734,0.019653781432910744,0.02267873165520312,0.02607092444086148,0.029859607507480873,0.034073969867009724,0.038742673840709396,0.04389332187494775,0.04955186245328823,0.05574194230948247,0.06248421519253276,0.06979562049291681,0.07768864796601153,0.08617060743108165,0.09524292452297739,0.104900485171637,0.11513105233381501,0.12591477847228516,0.13722383626722987,0.1490221879857745,0.16126551080669874,0.173901291228951,0.1868690965743576,0.20010102567922658,0.21352233437223062,0.22705222453307228,0.24060477874668468,0.2540900161799551,0.26741503970394065,0.2804852398569859,0.29320551836104397,0.3054803766581447,0.31721848028403277,0.32833017619755656,0.33872968038533935,0.34833587683416467,0.3570729653913287,0.36487095708767026,0.3716660263791005,0.37740074039910926,0.3820241948543744,0.3854920937689326,0.38776681507398086,0.38881750536710513,0.38862024454147126,0.3871583142474433,0.38442259342530005,0.3804120898773684,0.37513459992511033,0.3686074701048566,0.360858416672128,0.3519263421695549,0.34186207520566186,0.33072895130605806,0.3186031504422298,0.30557371144099066,0.29174215542845156,0.2772216680691618,0.2621358147448688,0.2466167906687338,0.2308032378941931,0.21483769086724347,0.19886373919446038,0.18302301842467408,0.16745215499789629,0.15227979877080666,0.1376238750356153,0.12358917770092417,0.110265407140304,0.09772573143812029,0.08602592089979057,0.07520407374336474,0.06528091948319792,0.05626065716603411,0.04813226074934694,0.04087116438662799,0.034441227737903826,0.02879687585105167,0.023885309514752227,0.019648689674642547,0.01602620964546004,0.012955983473248472,0.010376703750020519,0.008229034061265628,0.006456718574749704,0.0050073886803242585,0.003833159380483029,0.002890887316490615,0.002142134954870254,0.001552607148648169,0.001089870886394307,0.0007352706687501194,0.0004731516108917738,0.0002935957185403967,0.00017660948286445002,0.00010295332077891794,5.803049665784476e-05,3.153021427945011e-05,1.644330744080761e-05,8.18069509567315e-06,3.848662034245866e-06,1.690223162000738e-06,6.794544351037292e-07,2.422362340294683e-07,7.247208905202559e-08,1.6267957607321564e-08,2.0108446997336535e-09,0.0,0.0,0.0,0.0,0.0,0.0,0.0,0.0,0.0,0.0,0.0,0.0,0.0,0.0,0.0,0.0,0.0,0.0,0.0,0.0,0.0,0.0,0.0,0.0
2.0728829572014837e-15,1.9789229687911035e-15,4.719904321192274e-16,2.0256862118973027e-15,2.7996100547169123e-16,9.34424830433434e-16,0.0,3.3420268592558637e-16,0.0,0.0,0.0,0.0,0.0,0.0,0.0,0.0,0.0,0.0,0.0,0.0,0.0,0.0,0.0,0.0,0.0,0.0,0.0,0.0,0.0,0.0,0.0,3.7042851425139744e-15,1.4618514732056553e-14,3.914360155454766e-14,9.14303355248336e-14,2.0989980586971768e-13,4.674594045184222e-13,1.0231121505555052e-12,2.209316063428446e-12,4.709354434195845e-12,9.918579846335263e-12,2.0639066844463372e-11,4.243763673805745e-11,8.623425584719513e-11,1.731764731616181e-10,3.4370799262273266e-10,6.742006952720203e-10,1.307069313893905e-09,2.5045334139939257e-09,4.7433227901017005e-09,8.879248225568404e-09,1.6429249238836263e-08,3.00481745041381e-08,5.43236404748626e-08,9.708279036235723e-08,1.7151069064968993e-07,2.995362861080153e-07,5.171678998383555e-07,8.827811377454253e-07,1.489808168608775e-06,2.4858847109676674e-06,4.101319145410898e-06,6.6907980855734905e-06,1.0793571606715346e-05,1.72189961173963e-05,2.716626086485263e-05,4.238936168077245e-05,6.542084524951974e-05,9.98704053121191e-05,0.000150816876884452,0.00022531428129934916,0.0003330339860834197,0.00048706536379183873,0.0007048961345448301,0.001009590439890573,0.0014311772693738067,0.0020082539281554013,0.002789798782799835,0.00383717481133683,0.005226291087684132,0.0070498741524418485,0.009419786459641255,0.012469316149105403,0.016355352750010432,0.021260358427299675,0.027394045059322636,0.03499467425621017,0.04432991014823395,0.05569717232242244,0.06942345678089401,0.08586461366995346,0.10540408880321372,0.12845114865221285,0.15543861288812755,0.1868201129764797,0.22306687926552904,0.2646640335148511,0.3121063315496162,0.36589326585008264,0.4265234056746374,0.4944878286319776,0.5702624882349632,0.6542993718496197,0.7470163360882907,0.8487855635768797,0.9599206653248442,1.0806625534244543,1.2111643240706003,1.3514755136790648,1.501526212695865,1.6611116334533833,1.8298778211579576,2.0073092625442817,2.1927191779497757,2.385243274314173,2.5838376856925547,2.7872817332986948,2.994186000189326,3.203006040082173,3.412061831321347,3.6195628535873263,3.8236384163590293,4.022372615646494,4.213843051471745,4.3961622158542,4.567520272395806,4.726115974153948,4.870543804692883,4.999469806237597,5.111794247475394,5.2066791145807265,5.283568512496401,5.342201039506448,5.382613488915412,5.405135559535097,5.4103756056907955,5.39919781047834,5.372691505785491,5.332133673343882,5.278945924445965,5.214647471706106,5.1408057567516785,5.058986482463462,4.970704814890924,4.877379481463302,4.780291392065007,4.680548258267979,4.579056492725238,4.4765014380836465,4.3733367080849295,4.269783129373712,4.165837456495512,4.061290671536057,3.9557553215735357,3.848700964261992,3.7394964091051808,3.6274570741188876,3.511895445991814,3.392172362300581,3.267746654773017,3.138220630349346,3.0033789453775506,2.863218659384486,2.717968644877071,2.5680970628791178,2.414306284961111,2.2575153707282554,2.098830977334644,1.9395083090183172,1.7809043533742355,1.6244261354309146,1.4714770116771163,1.3234040963698361,1.1814497608013501,1.0467097929615918,0.920100168686566,0.802333699035378,0.6939073958483735,0.5951003781974697,0.5059815035049233,0.4264249098049573,0.3561340777254982,0.2946684116084556,0.24147263044578676,0.19590792075894112,0.15728259784345855,0.12487983653216099,0.09797796180766302,0.0758757769231724,0.05790567015623681,0.043427003770334316,0.03177999811163053,0.022681938096062167,0.015829653504124838,0.010857769751417426,0.007326068592737147,0.0048576692112652555,0.0031596838315513668,0.0020113330503034703,0.0012491000196006587,0.0007537249961302074,0.00043953483284378243,0.0002459310680442663,0.00013074480745627878,6.514966925775313e-05,2.9837990368876324e-05,1.2194712637215715e-05,4.2400711315560516e-06,1.1502548640410212e-06,2.0053820339245007e-07,1.0114094062161423e-08,0.0,0.0,0.0,0.0,0.0,0.0,0.0,0.0,0.0,0.0,0.0,0.0,0.0,0.0,0.0
0.0,0.0,4.912170625897466e-17,8.601510606593522e-16,2.3352349351757012e-15,4.6134033234378856e-15,8.882251944476594e-15,1.7653522889273018e-14,3.262530256370307e-14,5.961842163233407e-14,1.0734819608482584e-13,1.9203722044914678e-13,3.4177423537178635e-13,6.013630886366111e-13,1.0512061456914736e-12,1.8265536454105186e-12,3.151448767473985e-12,5.398938437430837e-12,9.188135522602073e-12,1.5530168676666095e-11,2.607383368458463e-11,4.348218044848175e-11,7.202885792152725e-11,1.1851957094780388e-10,1.9371973881791849e-10,3.145326348550151e-10,5.0730487519135e-10,8.128154239082919e-10,1.2937212616297156e-09,2.045614332438217e-09,3.2132763862907643e-09,5.014435934189154e-09,7.77417322357643e-09,1.1974390487848319e-08,1.832436925114367e-08,2.7860622487871356e-08,4.208710859682219e-08,6.317053874438372e-08,9.421034709994336e-08,1.3960886753594526e-07,2.0557496344802972e-07,3.008037873855618e-07,4.373870558516124e-07,6.320223854688889e-07,9.07607272171429e-07,1.2953235010576547e-06,1.837341416066618e-06,2.5903007887240204e-06,3.629756170991927e-06,5.0558095371355805e-06,7.000191708461667e-06,9.63509610921176e-06,1.318411347273063e-05,1.793566343960551e-05,2.4259367839285506e-05,3.2625859700430304e-05,4.363057065998044e-05,5.8022086089237757e-05,7.673570072208591e-05,0.00010093284657985979,0.00013204709831726724,0.0001718374877780482,0.0002224498786373985,0.00028648716278012465,0.0003670890419441575,0.00046802215055485874,0.0005937812578961088,0.0007497022587803492,0.0009420876201631234,0.0011783448942753738,0.0014671388333833413,0.001818557542409005,0.002244292977146012,0.0027578359297888433,0.003374685430874047,0.004112572226955047,0.004991695655668593,0.006034972823145024,0.0072682984834944175,0.008720813418585882,0.010425178414710246,0.012417850131869024,0.01473935426859363,0.017434550455042608,0.0205528822828962,0.02414860483434711,0.02828098104574228,0.03301443728403619,0.03841866768389557,0.04456867615324156,0.05154474457195257,0.05943231564906082,0.0683217792315085,0.07830815162789095,0.0894906387679254,0.10197207578982814,0.11585823794137551,0.1312570204790402,0.1482774885102307,0.16702880137365628,0.18761902009062903,0.21015381051506932,0.2347350589055489,0.2614594205604056,0.2904168257027383,0.3216889697742256,0.35534781749561406,0.3914541512908357,0.43005619478961804,0.4711883409961389,0.5148700122643756,0.5611046754404374,0.6098790304742923,0.6611623845999337,0.7149062170451086,0.7710439314477142,0.829490785085451,0.8901439760877472,0.9528828624570609,1.0175692804652214,1.0840479252908994,1.1521467540764054,1.2216773712936702,1.2924353587167732,1.3642005175776246,1.4367369986640863,1.5097902853134313,1.5830961761286733,1.656371283701723,1.729315916761035,1.801613741348788,1.8729314802627288,1.9429187324955173,2.011208007280174,2.0774150766784656,2.1411397554516873,2.2019672163844115,2.259469942638078,2.3132104056895333,2.362744537841068,2.4076260424429003,2.4474115534406184,2.481666619385935,2.5099724469696802,2.531933297838366,2.5471843907503904,2.5554001214325375,2.5563023772392146,2.5496686948238274,2.5353399884868484,2.513227566492461,2.483319154756469,2.445683658646111,2.4004744210137856,2.3479307723924663,2.288377718442011,2.222223668355174,2.1499561736937105,2.0721357172574226,1.9893876629871987,1.9023925472681356,1.8118749560564489,1.7185912876680725,1.6233167451504422,1.5268319322784052,1.4299094435311135,1.33330083600383,1.2377243546838037,1.1438537498497783,1.0523084807532928,0.9636455420135956,0.8783530845475278,0.796845934107713,0.7194630423697922,0.646466843705725,0.5780444067503696,0.5143101977859148,0.4553103144460694,0.40102794626937643,0.35138978760837547,0.3062729345982999,0.26551276872397456,0.22891027109170375,0.1962391101299223,0.16725273886376563,0.14169179732430398,0.11929022294840969,0.09977777647071412,0.08288789470934974,0.06836167611103587,0.05594925505102175,0.04541168317933192,0.036519468993739916,0.029035407512385744,0.022790256994997454,0.017624334627863607,0.01348509487177522,0.010230975941050867,0.007695398373170327,0.00573257680666407,0.004222935126400918,0.0030700674250738213,0.0021968267017020383,0.001541788573990331,0.001056248160835796,0.000701721985051874,0.0004478876866460296,0.00027089275089335195,0.00015196943601088282,7.62948756639266e-05,3.205035091794184e-05,9.651549543874897e-06,1.1452197425461983e-06,-0.0,-0.0,-0.0,-0.0,-0.0,-0.0,-0.0,-0.0,-0.0,-0.0,-0.0,-0.0,-0.0
0.0,0.0,3.349507086622405e-17,1.1413109628925189e-16,1.8713329497099807e-16,2.220446049250313e-16,3.0639553394440355e-16,3.8315704775637727e-16,3.859759734048396e-16,5.468715758016884e-16,6.071532165918825e-16,6.531233887052679e-16,7.667477763817487e-16,8.864436962241484e-16,7.91033905045424e-16,7.4593109467002705e-16,7.91033905045424e-16,8.534839501805891e-16,7.632783294297951e-16,8.187894806610529e-16,6.661338147750939e-16,7.771561172376096e-16,6.661338147750939e-16,5.551115123125783e-16,6.661338147750939e-16,3.885780586188048e-16,7.771561172376096e-16,7.216449660063518e-16,0.0,0.0,0.0,2.220446049250313e-16,3.3306690738754696e-16,0.0,0.0,0.0,0.0,0.0,0.0,0.0,0.0,0.0,0.0,0.0,0.0,0.0,0.0,0.0,0.0,0.0,0.0,0.0,1.3877787807814457e-16,8.604228440844963e-16,2.220446049250313e-15,6.13398221105399e-15,1.5182299861749016e-14,3.6387559632089506e-14,8.515410598874951e-14,1.9567680809018384e-13,4.4064751847372463e-13,9.757195051918188e-13,2.1211643552732085e-12,4.531652830763733e-12,9.512168830383416e-12,1.96193894463903e-11,3.976437235042596e-11,7.920170075337296e-11,1.5503816286344119e-10,2.982878943846856e-10,5.641044437121323e-10,1.048686262827836e-09,1.9166063180975357e-09,3.4440050533657285e-09,6.085329698479747e-09,1.0574115069661438e-08,1.8071662638563524e-08,3.038127045773553e-08,5.024959561644726e-08,8.178038661543763e-08,1.3098859465154877e-07,2.0652405646748306e-07,3.2059280751645103e-07,4.90100068861743e-07,7.380317906049982e-07,1.0950817137117541e-06,1.6015193071636236e-06,2.3092826664170008e-06,3.284272315183523e-06,4.608820200428104e-06,6.3843164330931734e-06,8.73399733524946e-06,1.1805933549154796e-05,1.577630583278651e-05,2.085311570601718e-05,2.7280542978371652e-05,3.534422514566045e-05,4.537778666594168e-05,5.777098175409681e-05,7.297982718819547e-05,9.153908955357275e-05,0.00011407745620268996,0.000141335666510152,0.00017418781816395078,0.00021366600166212567,0.00026098836342277037,0.00031759065951957456,0.00038516133919289835,0.000465680186078757,0.00056146053695078,0.0006751950806175879,0.000810005199825365,0.0009694937435783176,0.0011578009958656654,0.0013796634334571705,0.0016404746396740833,0.0019463474683242808,0.0023041762435629548,0.0027216974539546494,0.0032075470736646025,0.0037713123452865023,0.004423575614293761,0.0051759476420362065,0.006041087768324388,0.007032708367070477,0.008165561252004095,0.00945538695020036,0.010918913148886752,0.012573719518947406,0.014438158576920308,0.016531232572155954,0.018872448530777935,0.021481652354824937,0.0243788427663951,0.027583965389744506,0.031116686352145914,0.03499614349248895,0.03924067171121143,0.04386749738469712,0.048892395404675326,0.054329301675108584,0.060189874247868876,0.0664829981585647,0.07321423284345764,0.08038520707221494,0.08799297472072637,0.09602935528610686,0.104480295366317,0.11332530062787691,0.12253700101554611,0.13208092384367212,0.1419155585639726,0.15199280204527438,0.16225887295470814,0.1726557773833618,0.18312339471998673,0.19360223285946404,0.20403687541211035,0.214380111149308,0.22459769800435742,0.23467367090793406,0.24461605465486735,0.2544627896850188,0.26428761990172156,0.27420562765446754,0.28437803314897325,0.2950158069275706,0.3063815805036135,0.3187892903613347,0.33260096579291987,0.3482200846820932,0.36608098700819836,0.38663396524791316,0.4103258520938642,0.43757619892612964,0.46874947739993256,0.504124125060827,0.5438596793458188,0.5879636586165791,0.6362602320292201,0.6883630234910036,0.7436546542516185,0.8012755678852166,0.8601246608671788,0.9188738810166239,0.9759983255513947,1.0298224690204758,1.078581937501848,1.120499479575954,1.1538713788346193,1.1771596501271149,1.189084174900516,1.1887077972212372,1.1755070895686548,1.1494220805429354,1.1108793188701096,1.060784609245589,1.0004843528889589,0.931697368723044,0.8564219446509893,0.7768253636013945,0.6951249071045809,0.613470106693819,0.5338356709262353,0.4579330552464493,0.38714588839397296,0.3224890634666314,0.2646071648664368,0.2137977617297238,0.17007170858231851,0.1331579206914379,0.10257252136008205,0.07769235224231268,0.057817231261158536,0.04222277089012323,0.03020305670481066,0.021102455199857543,0.014336709059727296,0.009404268236306527,0.005889232933630259,0.0034573252689108205,0.0018460806587330457,0.0008502861000455402,0.000304240517335963,6.44528345300708e-05,0.0
7.443884359148402e-17,2.583670585343004e-16,0.0,4.15941283858336e-17,2.3571910482550473e-16,5.899448952354641e-16,6.172362967959977e-16,5.319366908757006e-16,4.3303034769071047e-16,5.494736610156536e-16,3.408731630294426e-16,8.68229099726392e-16,7.476658181460039e-16,9.488937413593135e-16,0.0,4.0419056990259605e-16,3.885780586188048e-16,9.332812300755222e-16,5.551115123125783e-16,6.314393452555578e-16,4.718447854656915e-16,4.718447854656915e-16,3.0531133177191805e-16,3.608224830031759e-16,1.6653345369377348e-16,1.6653345369377348e-16,0.0,0.0,1.1102230246251565e-16,0.0,0.0,0.0,0.0,0.0,0.0,0.0,0.0,0.0,0.0,0.0,0.0,0.0,0.0,0.0,0.0,0.0,0.0,0.0,0.0,0.0,0.0,0.0,0.0,0.0,0.0,0.0,0.0,0.0,0.0,0.0,0.0,0.0,1.7763568394002505e-15,8.881784197001252e-15,2.842170943040401e-14,8.504308368628699e-14,2.453592884421596e-13,6.796785356755208e-13,1.835642748915234e-12,4.834355138427782e-12,1.24074084340009e-11,3.1063818184406955e-11,7.587552808274722e-11,1.8081736108399582e-10,4.204443460054108e-10,9.539800061020287e-10,2.1123963689362313e-09,4.565222089247811e-09,9.630476194288917e-09,1.9832939290864715e-08,3.9878553792505045e-08,7.830156478760841e-08,1.5015948096053222e-07,2.8129800844212127e-07,5.148741998861617e-07,9.209900538875715e-07,1.6104150762918934e-06,2.753416190715008e-06,4.60461087670172e-06,7.534464805669661e-06,1.2067544298804966e-05,1.8926931475204967e-05,2.9083409656183168e-05,4.380729941982908e-05,6.472040655103317e-05,9.384569119846864e-05,0.0001336532010838415,0.00018710263088955736,0.0002576854887036545,0.0003494729635976912,0.0004671786974108916,0.0006162481672345871,0.000802987721408216,0.001034746118781238,0.001320159662676807,0.001669469037769239,0.0020949124112733027,0.0026111960786627704,0.003236041701607016,0.003990808526482531,0.004901190002949848,0.005997986611892648,0.007317959754337742,0.008904774329594061,0.010810039210337243,0.013094454435679876,0.015829071093946837,0.019096664357557202,0.02299321202196608,0.027629460422852477,0.033132547090240765,0.039647635322544575,0.047339500451995906,0.05639399143522025,0.06701927519370551,0.07944675570084797,0.09393135127285232,0.11075201054536678,0.13021020387318394,0.15262850879818654,0.17834794110521712,0.20772418133768583,0.2411225996666535,0.27891200960425727,0.3214571136027971,0.36910963895101573,0.4221981982217454,0.4810169428114347,0.5458131097934203,0.6167735920033963,0.6940106918370829,0.7775472559788339,0.8673014386652436,0.9630714137709132,1.0645204590745427,1.1711629744987972,1.2823521690693056,1.3972703493248362,1.5149229448228543,1.634137583048214,1.753569635912248,1.8717156575565763,1.9869359741679595,2.097487337704893,2.201566002389601,2.2973608390854787,2.3831152141639325,2.457195404591735,2.5181624046351745,2.5648432209149066,2.596397267663211,2.6123733561573736,2.6127530727308885,2.5979770537313867,2.5689517266782023,2.5270353720916274,2.4740037062984808,2.4119964216215575,2.343447090943936,2.270999460635004,2.1974133947723793,2.1254636746054953,2.057834646895309,1.9970135413697099,1.9451853157608754,1.9041322338214206,1.8751420260901122,1.8589292949671559,1.855575501227162,1.8644931336999493,1.884419042633816,1.9134416634621636,1.9490628570820157,1.9882945193478307,2.0277866474641617,2.063981176922809,2.0932835152142215,2.1122428853065722,2.117733337005937,2.1071247758048033,2.0784349838225857,2.030453843360739,1.9628306999957192,1.8761164501646235,1.7717542301521632,1.6520145181878738,1.5198747620722564,1.3788488183820475,1.2327772397878825,1.0855945450632287,0.9410932806992085,0.8027059510279271,0.6733240967186016,0.5551679154045048,0.44970769079851214,0.35771244661865753,0.27928072532748527,0.21393783271004727,0.1607153651740414,0.11832535462410668,0.0853108702172512,0.060169913774858544,0.04145381663645532,0.027838103209309614,0.018165921855419015,0.01146683419964994,0.006955601668506942,0.00401652770220575,0.0021791409855285273,0.001090830190943698,0.0004912116978673043,0.00019179234302959633,6.122898487113968e-05,1.4316026412407173e-05,1.8490010733896559e-06,-0.0
