step,fixed_loss,fixed_loss_pde,fixed_loss_ic,fixed_loss_bc,fixed_residual_log_rms,fixed_residual_log_abs_mean,fixed_residual_log_abs_p95,fixed_residual_log_abs_max,rms_dlogN_dt,rms_advective,rms_mu,rms_dg_dw,log_N_eval_min,log_N_eval_max,N_eval_min,N_eval_max,g_eval_min,g_eval_max,mu_eval_min,mu_eval_max,dg_dw_min,dg_dw_max,fixed_loss_unweighted,fixed_w_pde,fixed_w_ic,fixed_w_bc,fixed_weighted_loss_pde,fixed_weighted_loss_ic,fixed_weighted_loss_bc,fixed_loss_weighted,bc_eps,flux_left_min,flux_left_max,recruitment_flux_min,recruitment_flux_max,frac_flux_left_clamped,frac_recruitment_flux_clamped,boundary_residual_abs_p95,boundary_residual_abs_max,flux_left_mean,recruitment_flux_mean,flux_mismatch_rms,flux_mismatch_abs_mean,flux_mismatch_abs_p95,flux_mismatch_rel_abs_mean,boundary_residual_rms,grad_norm_pde,grad_norm_ic,grad_norm_bc,grad_abs_max_pde,grad_abs_mean_pde,grad_abs_max_ic,grad_abs_mean_ic,grad_abs_max_bc,grad_abs_mean_bc,grad_norm_max_min_ratio
1,8849.906539645659,0.7655792673444223,9.491744267085087,8839.64921611123,0.8749738666636977,0.8072535368052277,1.1909397285151424,1.1963689619102837,0.0008886575995298391,0.0019411031730684665,0.18729488414711756,0.7124256853969291,13.938563780097493,13.996025401484244,1130944.6106304931,1197833.9014199646,0.0,3.729367361722221,0.187059572329123,0.191046001692778,-0.5187189075944123,1.0100309392419646,8849.906539645659,,,,,,,,1e-30,0.0,0.0,66615520390.257195,69394363361.15295,1.0,0.0,94.03854814094609,94.04062427140212,0.0,67942827356.60775,67948083024.630066,67942827356.60775,69250457952.89934,1.0,94.01940872028088,0.18008034038876328,2.8197045778572556,452.8302957592046,0.028686337663590446,0.0011566402211712185,0.44769674810314763,0.017857951850802186,170.7272848905903,2.7683915472567846,2514.601509424182
50,8778.607530330508,0.7140071205711364,8.693561709357107,8769.199961500579,0.844989420390064,0.7796591137421245,1.1520210580577133,1.1584212005666197,0.00474269989457645,0.029161411488092467,0.18721561088521876,0.7124256853969289,13.478507510064667,14.089773335269966,713906.6639835631,1315560.4562538888,0.0,3.729367361722606,0.187059572329123,0.18987010631254253,-0.5187189075944848,1.0100309392419646,8778.607530330508,,,,,,,,1e-30,0.0,0.0,43848130842.65707,50423739983.043655,1.0,0.0,93.7122886929279,93.72128072235422,0.0,46714867725.09425,46756405940.370476,46714867725.09425,49972581673.892876,1.0,93.64400654340126,0.2316869245136152,3.4474255355169876,507.75855269447084,0.040549188216518935,0.0014365153558849066,0.5819103007038479,0.021020354711809804,175.43257516618235,3.198833040926544,2191.571897121161
100,8689.48172044104,0.6255487947358809,7.3263729013216565,8681.529798744981,0.7909164271501009,0.7297906927345605,1.0832847192286177,1.0963866306552135,0.011905131338545085,0.07878652335939448,0.18715445872292133,0.7124256853969326,12.893895878338169,14.489605542836141,397876.0797362483,1962256.3004948003,0.0,3.729367361725014,0.187059572329123,0.1889434856730262,-0.5187189075945011,1.0100309392419646,8689.48172044104,,,,,,,,1e-30,0.0,0.0,25433954281.269676,34705590576.1321,1.0,0.0,93.32712138862016,93.34771941244759,0.0,29318702613.77215,29448231166.73585,29318702613.77215,33998821295.440918,1.0,93.17472725339732,0.360080657732261,5.416664249978354,640.1126022948152,0.06906960427292912,0.0021308171897839313,1.0266800186151348,0.031705500514253,178.94552032600623,4.246344980605674,1777.692271298762
150,8541.00753424913,0.4798148464100707,5.096437669317222,8535.431281733401,0.6926866870455002,0.6390056155892607,0.9768069676070662,0.9908234972667249,0.024590427912801673,0.17059317254104292,0.18710180728634265,0.7124256853969451,11.961174703856551,15.266609979703702,156556.88476670298,4267804.053362219,0.0,3.7293673617333702,0.187059572329123,0.18802014776128326,-0.5187189075944977,1.0100309392419646,8541.00753424913,,,,,,,,1e-30,0.0,0.0,10416714774.251768,18223029071.347225,1.0,0.0,92.66447943381735,92.70350475458115,0.0,13471490878.765562,13666343448.534845,13471490878.765562,17527011019.162888,1.0,92.38739785129464,0.5146605207454393,7.611268314994612,840.823066356285,0.09424035355225938,0.0028476725010115277,1.3921737016030389,0.041805628297312165,181.4005717604375,5.528926739627472,1633.7430839622762
200,8342.940802921152,0.30724880573055263,2.576443437415901,8340.057110678006,0.5543002848010748,0.5090613728315996,0.8852616677480124,0.9403530247297186,0.04275821878588572,0.3053920861556343,0.18707405024345075,0.712425685396983,10.781031827041142,16.354991818393557,48099.72924332667,12673095.229453724,0.0,3.7293673617625003,0.187059572329123,0.18743448936995097,-0.5187189075944834,1.0100309392419646,8342.940802921152,,,,,,,,1e-30,0.0,0.0,3281081817.3436127,7269267132.553071,1.0,0.0,91.724492182224,91.78447410615523,0.0,4718373724.865283,4858510891.960864,4718373724.865283,6847381224.84491,1.0,91.32391313712968,0.5854550537497786,8.096885591456486,1036.5195967970349,0.09932655642792457,0.002968262900647633,1.368678246854411,0.040805083439995525,181.47872499704832,6.343543694204271,1770.4511903317511
250,8156.619342416181,0.1792437332921115,0.8769064497632523,8155.563192233126,0.42337186171510205,0.3759339366392212,0.7984526545763974,0.9293910553186597,0.0621606267678732,0.44822168090176245,0.18706481764749577,0.7124256853970766,9.72017202860749,17.40720457326495,16650.108778117014,36295509.025115095,0.0,3.7293673618422885,0.187059572329123,0.1872058770365682,-0.518718907594479,1.0100309392419646,8156.619342416181,,,,,,,,1e-30,0.0,0.0,1142779267.6848145,2865744615.562289,1.0,0.0,90.77856804569828,90.85364684388597,0.0,1725007246.3022523,1794376326.5427473,1725007246.3022523,2659260704.683155,1.0,90.30815684218744,0.5014368920792285,5.995174339991338,1161.5935028967374,0.07990868831938917,0.0022842711944486968,0.956479077357654,0.027587700623931535,180.19295670477658,6.338298114647164,2316.5297991540724
300,8033.9421560292685,0.12226523253741206,0.23379996628188487,8033.586090830449,0.3496644570690765,0.28297144209909764,0.7378973542296532,0.9256349310597926,0.07730463893936827,0.553407017419607,0.18706223790071447,0.7124256853972173,9.03902427817797,18.1225711142867,8425.55204900191,74221996.59606467,0.0,3.729367361969928,0.187059572329123,0.1871361096575132,-0.5187189075944929,1.0100309392419646,8033.9421560292685,,,,,,,,1e-30,0.0,0.0,576868097.9940706,1504333629.7399457,1.0,0.0,90.12618047583518,90.20916865597971,0.0,878605645.5586041,917342224.4297546,878605645.5586041,1385032803.076775,1.0,89.63027441010347,0.35046651953995567,3.1444148771474683,1221.231124444193,0.0524479577523008,0.0013876871861553258,0.47930008435387944,0.013320515211254118,179.04604096165613,6.017693590087431,3484.5871327374084
350,7974.038400389782,0.1056560446411779,0.09479391867469576,7973.837950426466,0.32504775747754033,0.2554652657764678,0.7142698951350588,0.9244410416293187,0.08586684604037717,0.6070646150901153,0.18706148290515331,0.7124256853973286,8.707141723793452,18.475383520408897,6045.936810283393,105622663.25939272,0.0,3.729367362075947,0.187059572329123,0.18711514760719947,-0.5187189075945159,1.0100309392419646,7974.038400389782,,,,,,,,1e-30,0.0,0.0,412869492.63804966,1093512705.6926575,1.0,0.0,89.80320184196046,89.89021380712408,0.0,629992846.6721146,658805785.8603907,629992846.6721146,1002783198.9731019,1.0,89.29634903189752,0.24756039704579952,1.3300990038086593,1245.050566274407,0.03486089221339,0.0008312418898987841,0.19417030851865744,0.005109346152347,178.43917140641048,5.809012245136545,5029.280050977089
400,7949.060468670631,0.10150419582621782,0.07454534471696707,7948.884419130088,0.3185972313536604,0.2505701559964054,0.7009932830325227,0.9230190859413305,0.09012416239356809,0.6262978555364764,0.18706123600762878,0.7124256853973756,8.56461442270834,18.609630268854236,5242.818019340318,120797997.80361392,0.0,3.729367362126774,0.187059572329123,0.18710852689067142,-0.5187189075945515,1.0100309392419646,7949.060468670631,,,,,,,,1e-30,0.0,0.0,357491458.5363062,963635272.523621,1.0,0.0,89.67389804831319,89.76377622279998,0.0,548625029.7308899,574705900.1482381,548625029.7308899,881175188.889315,1.0,89.15651641428173,0.20582506767873215,0.6003575296028416,1253.6096667287625,0.027910105779501,0.0006303871818761524,0.07930936591175074,0.0022444578590385565,178.17938577680823,5.730207029541947,6090.655918964615
450,7938.82354007207,0.10035739199020684,0.07116595823403588,7938.652016721845,0.31679234837698783,0.24977460835703452,0.6928353977895946,0.9213343309048522,0.09231911783466949,0.6304217553754532,0.1870611459111263,0.7124256853973847,8.501316140778485,18.651380499760705,4921.24162660132,125948103.08105922,0.0,3.7293673621433503,0.187059572329123,0.18710642134085545,-0.5187189075945856,1.0100309392419646,7938.82354007207,,,,,,,,1e-30,0.0,0.0,335323907.6519835,922402353.2720838,1.0,0.0,89.62772665218274,89.72004486798625,0.0,518970593.1212818,544718042.4735836,518970593.1212818,841434245.3200583,1.0,89.09911344520688,0.19497221416205973,0.4294404517112948,1256.635040866523,0.02610656284889306,0.0005987097865412521,0.04825751040329749,0.0020082302915181245,178.07178813849777,5.719816369740293,6445.200647011248
500,7933.785561834857,0.09987337244374905,0.06922482327326226,7933.6164636391395,0.3160274868484529,0.24951578933428642,0.687451693285982,0.9197590786695767,0.09382202651961939,0.6299834085615598,0.18706110514170762,0.7124256853973836,8.464629662521,18.668130742268428,4743.970216518766,128075532.0859888,0.0,3.729367362149827,0.187059572329123,0.1871058180620906,-0.518718907594612,1.0100309392419646,7933.785561834857,,,,,,,,1e-30,0.0,0.0,323161703.2234269,910749882.7013845,1.0,0.0,89.61248327052525,89.70733165488087,0.0,505646697.64803517,532004267.4269504,505646697.64803517,828725513.7790861,1.0,89.07085080787732,0.19357685973259883,0.3683996330022492,1258.1387711969348,0.025812242325565324,0.0006101601462385674,0.04100208169337016,0.001734690470023086,178.01846764550143,5.7431772359099185,6499.427529379748
550,7929.251597061276,0.09964626595857021,0.06736602190602387,7929.084584773411,0.3156679679007203,0.24973165359810903,0.6819339355318685,0.917729649916004,0.09565533575849389,0.6276826256987572,0.18706107083686582,0.7124256853973777,8.428253574756987,18.679108641414654,4574.504083371594,129489278.1431256,0.0,3.7293673621538286,0.187059572329123,0.1871055763887553,-0.5187189075946459,1.0100309392419646,7929.251597061276,,,,,,,,1e-30,0.0,0.0,311472799.30758995,906229059.7073015,1.0,0.0,89.60417358696864,89.70235544715769,0.0,494449387.9247914,521908045.530055,494449387.9247914,821894961.7848029,1.0,89.0454074322388,0.19522377011818084,0.33105812952814717,1259.2621786106613,0.0259312327738645,0.0006411358746249177,0.03891527026031102,0.0014241007432638428,177.97024744346152,5.769133054003776,6450.352730348119
600,7925.190148577515,0.0994435720057875,0.06566293558872674,7925.02504206992,0.3153467488429007,0.24985931560327793,0.6775400815426261,0.9158215097587118,0.09711851459441702,0.6253580416328262,0.18706104070136007,0.7124256853973714,8.395676777646894,18.686394153716527,4427.882587904395,130436118.7935165,0.0,3.72936736215616,0.187059572329123,0.18710533300815757,-0.5187189075946722,1.0100309392419646,7925.190148577515,,,,,,,,1e-30,0.0,0.0,301413088.5766927,901654371.550489,1.0,0.0,89.59625572411353,89.69729461431677,0.0,484629861.5010529,513025027.1230405,484629861.5010529,815437040.334791,1.0,89.02260972399046,0.19750090593364608,0.323454150209429,1260.3523434010551,0.026143159403732158,0.0006723223222038858,0.03865552492244545,0.0013475885887839969,177.9269886352417,5.800179676175012,6381.501580678788
650,7920.9640250956045,0.09927693018530846,0.06403823373658189,7920.800709931683,0.31508241808344123,0.25005457340531534,0.6730565576949085,0.913795567554054,0.09851607877543508,0.6229214998513395,0.1870610097968928,0.7124256853973643,8.362534932460079,18.692204405418074,4283.539498575401,131196191.44310777,0.0,3.7293673621577277,0.187059572329123,0.18710501803068533,-0.5187189075946961,1.0100309392419646,7920.9640250956045,,,,,,,,1e-30,0.0,0.0,291519403.16840315,895652930.3955729,1.0,0.0,89.5868285435927,89.69061633125023,0.0,474545674.51393235,503782922.9556901,474545674.51393235,807809434.9450065,1.0,88.99888038583228,0.20016776032261668,0.3367792124090504,1261.4842385466395,0.026475783292521628,0.0007060527976400821,0.039111624281862455,0.0015070963353545845,177.88193168138082,5.831400619737586,6302.134951769784
700,7916.627525035386,0.09913265094764927,0.06224823057793147,7916.46614415386,0.31485338007975916,0.25025804354959297,0.6673749783093891,0.9116424345287869,0.10012017942414653,0.620331716359593,0.18706097938573873,0.712425685397358,8.327090216589799,18.70082251187666,4134.369911771914,132331740.3001358,0.0,3.729367362160607,0.187059572329123,0.18710481205921314,-0.5187189075947188,1.0100309392419646,7916.627525035386,,,,,,,,1e-30,0.0,0.0,281295524.06493163,891833499.7726691,1.0,0.0,89.5793171952778,89.68634280349492,0.0,464644169.52708465,494970643.3838082,464644169.52708465,801792758.3645198,1.0,88.97452525388297,0.20276483764963363,0.32198172182774487,1262.7463426544653,0.026813684765971776,0.0007395548800356027,0.038768940272346356,0.0013432689507842262,177.83556541417846,5.866802347968534,6227.639650403394
750,7912.065996810675,0.09896400441754324,0.06069954644555151,7911.906333259812,0.31458544851525355,0.25039359133913053,0.6622847157183388,0.9095333678222279,0.10137044482076117,0.6181425486554163,0.18706094704000634,0.7124256853973514,8.292658310522182,18.706393073866934,3994.4385514816845,133070959.48433559,0.0,3.729367362161956,0.187059572329123,0.18710435450941595,-0.5187189075947387,1.0100309392419646,7912.065996810675,,,,,,,,1e-30,0.0,0.0,271740132.25082123,883008057.3152139,1.0,0.0,89.56685218709676,89.67639767328026,0.0,454078254.5752458,485048612.3931518,454078254.5752458,791882806.1576502,1.0,88.94889731334398,0.20525407500195103,0.3543009724198991,1264.098633255899,0.027143201244578804,0.0007712934717005383,0.039105815411306005,0.001743274708623621,177.78682977702107,5.900002935125682,6158.701761433399
800,7908.195188400764,0.09880834400160651,0.05880949519064556,7908.037570561572,0.3143379455325216,0.2504319072710928,0.6579292407940506,0.9074244533422452,0.10286612668921623,0.6155892855419234,0.1870609218328028,0.712425685397347,8.258793958028866,18.717017730677334,3861.434239290435,134492330.1774648,0.0,3.7293673621658447,0.187059572329123,0.18710430657812768,-0.5187189075947563,1.0100309392419646,7908.195188400764,,,,,,,,1e-30,0.0,0.0,262678189.14836517,882332170.0688946,1.0,0.0,89.56276674940369,89.6756319429481,0.0,445925249.4838234,478147534.2769514,445925249.4838234,788684411.1053216,1.0,88.9271475454013,0.2077793011319997,0.3120750122821096,1265.6082576644653,0.027503683674891376,0.0008008815213455106,0.038417709462173016,0.001253640201448135,177.74523858909873,5.946705234313628,6091.118079468559
850,7903.7967937265785,0.09869475425953686,0.05715452201525224,7903.640944450303,0.3141572126492353,0.2505827065269215,0.6533610890672839,0.9051780271902046,0.10419407937362524,0.6130993092692584,0.1870608927123382,0.7124256853973409,8.223628200524871,18.72361592674999,3728.0038201558405,135382671.0338465,0.0,3.7293673621677046,0.187059572329123,0.18710400504475436,-0.518718907594771,1.0100309392419646,7903.7967937265785,,,,,,,,1e-30,0.0,0.0,253583894.4628345,876609291.552899,1.0,0.0,89.55336403221011,89.66912473524977,0.0,436443648.38628745,469557003.43453896,436443648.38628745,781330189.8867574,1.0,88.90242372652335,0.21058831807091935,0.3228019855459793,1267.1615943540407,0.027891856402832992,0.0008328449191001217,0.039083716862253606,0.0013901523407169813,177.69803225725855,5.986719177365758,6017.245429194708
900,7898.77240596223,0.09862794535625316,0.05568954750593259,7898.618088469368,0.3140508642819713,0.2508576807680513,0.6515578344933655,0.9027349566871308,0.10550686440570672,0.610670768405445,0.18706085951033707,0.7124256853973335,8.185881269819813,18.728595887935512,3589.9059013648293,136058553.01698554,0.0,3.7293673621686647,0.187059572329123,0.18710349480090013,-0.5187189075947873,1.0100309392419646,7898.77240596223,,,,,,,,1e-30,0.0,0.0,244156856.56290385,866737301.8734897,1.0,0.0,89.53931504340309,89.6577992819677,0.0,425584058.80079454,459330358.9760082,425584058.80079454,770455468.4426942,1.0,88.87416997344823,0.21347153743326325,0.3752182802551079,1268.792728208418,0.02826273574386151,0.0008666258653693765,0.04035173168873589,0.0019696930878432104,177.64410580272076,6.021004422668819,5943.615450865789
950,7894.4157123165,0.09842200553976815,0.05391809440253306,7894.263372216557,0.3137228164156508,0.25075769148338295,0.6491798340118946,0.9005464264987161,0.10678086442057402,0.6086809705702036,0.18706083225180192,0.71242568539733,8.150282823904481,18.739648926731697,3464.35873039925,137570755.30189028,0.0,3.729367362172633,0.187059572329123,0.18710322533509663,-0.5187189075948001,1.0100309392419646,7894.4157123165,,,,,,,,1e-30,0.0,0.0,235639005.04406855,861667327.0327121,1.0,0.0,89.53053719778524,89.65193261244202,0.0,416736672.790341,451404364.0506233,416736672.790341,763749801.402661,1.0,88.84966726002162,0.21531374149796195,0.3510209023840169,1270.7689442567855,0.028532004237224125,0.0008908982316761119,0.0389702879402172,0.0018033014887067467,177.59718026442147,6.069050392526812,5901.94074663281
1000,7890.097318423094,0.09826979626796467,0.052128157609723454,7889.946920469217,0.3134801369592094,0.2507358706376149,0.6454421107899021,0.8981972359469506,0.10815013865977949,0.6064029521522708,0.18706080632782657,0.7124256853973263,8.113842953367406,18.751304005737325,3340.390359914574,139183533.59629223,0.0,3.729367362176891,0.187059572329123,0.1871030428514273,-0.5187189075948103,1.0100309392419646,7890.097318423094,,,,,,,,1e-30,0.0,0.0,227224288.98677438,858323963.1006619,1.0,0.0,89.5234664748269,89.64804495537985,0.0,408334643.97488755,444089170.74358433,408334643.97488755,758399402.5936193,1.0,88.82537317945372,0.21750715620557645,0.31896253766522037,1272.8938020536796,0.028852404811840524,0.0009172958577082573,0.038032544190629645,0.0015225298707477915,177.55055349443091,6.119617127725195,5852.192747399109
1050,7883.383019989229,0.09844485679564863,0.05091215853529495,7883.233662973898,0.31375923380141124,0.25155432537145733,0.6413166079571742,0.894929427079682,0.10996871961328145,0.6035696787631406,0.187060764972455,0.7124256853973173,8.065525359368307,18.75762136229729,3182.8279064828293,140065588.80041817,0.0,3.729367362178203,0.187059572329123,0.18710229167743445,-0.5187189075948282,1.0100309392419646,7883.383019989229,,,,,,,,1e-30,0.0,0.0,216398331.94898945,843669314.278413,1.0,0.0,89.50279324332243,89.6308239578779,0.0,394731176.4410497,431038790.331206,394731176.4410497,742915162.4019778,1.0,88.78757606204766,0.22080964099569686,0.42847854012315095,1274.8056494546333,0.029184504350696607,0.0009581171533246202,0.039516909198018306,0.0025659145675245984,177.47818915385238,6.139861586788132,5773.324224912248
1100,7879.511487480613,0.09846221396608959,0.048752868599086965,7879.364272398048,0.31378689259765075,0.25171221159275076,0.6375783725599528,0.8922396180049315,0.11174267553482208,0.6004159612014706,0.18706074525376143,0.7124256853973141,8.027379100574155,18.772718973802974,3063.701488144978,142196288.4108106,0.0,3.7293673621843038,0.187059572329123,0.18710253952590947,-0.5187189075948386,1.0100309392419646,7879.511487480613,,,,,,,,1e-30,0.0,0.0,208301305.63725397,848880988.5327603,1.0,0.0,89.5045698171316,89.63698234586444,0.0,388414853.09946567,426592999.3042401,388414853.09946567,744280247.0244677,1.0,88.76578322978989,0.22374990450104307,0.3053999150426965,1277.2466066341888,0.02962299391398922,0.0009877459354130829,0.03790094586600822,0.0014509349644544862,177.43601755851873,6.198894889153704,5708.367158781221
1150,7874.684769425015,0.09851497789405889,0.047280191445733574,7874.5389742556745,0.3138709573918219,0.2520077162202099,0.6363347801803356,0.8893369620000842,0.11305235149301943,0.597549543606425,0.18706071818518397,0.7124256853973078,7.988153877524782,18.779427412155822,2945.8535300007384,143153410.25259924,0.0,3.729367362185998,0.187059572329123,0.18710222736552803,-0.5187189075948483,1.0100309392419646,7874.684769425015,,,,,,,,1e-30,0.0,0.0,200297338.40306532,842937191.280227,1.0,0.0,89.49441313315047,89.62995579681987,0.0,379598812.82853305,418692463.6349033,379598812.82853305,736791159.8515868,1.0,88.73859912267983,0.2271714235596529,0.3447116934578547,1279.7371139195523,0.030114977108231196,0.0010215027011994033,0.04050487245410778,0.0018314799141305029,177.3837041597893,6.2467288355352,5633.35429195612
1200,7870.655368430829,0.09847640042621256,0.04545731463271482,7870.5114347157705,0.3138094970299856,0.2520376148762498,0.6346419700116089,0.8865556644562473,0.11457986682918009,0.5947387395641381,0.1870606980674148,0.7124256853973051,7.949889989050899,18.794276928300675,2835.263023340975,145295030.7901264,0.0,3.729367362191903,0.187059572329123,0.18710233678130814,-0.5187189075948562,1.0100309392419646,7870.655368430829,,,,,,,,1e-30,0.0,0.0,192811396.64970306,845400349.2962812,1.0,0.0,89.49339817039865,89.63287364909104,0.0,373141147.1362684,413859369.10399115,373141147.1362684,736085108.4759445,1.0,88.71590294144433,0.22977630609480892,0.2828229840251198,1282.7488260524715,0.03053160238409823,0.001048120684321472,0.039027652987515406,0.0010766705295924335,177.3397627107233,6.311040432144664,5582.598344683944
1250,7865.485182136865,0.0983470060614814,0.04397767891812758,7865.342857451885,0.3136032621984048,0.25200562177218716,0.6325164219023018,0.8837469893734873,0.11564093708766399,0.5927858598077393,0.18706066946767158,0.7124256853973007,7.909971050155958,18.803375196898553,2724.3115968033076,146622995.93742463,0.0,3.729367362194666,0.187059572329123,0.18710181090415343,-0.5187189075948629,1.0100309392419646,7865.485182136865,,,,,,,,1e-30,0.0,0.0,185307745.39878827,835220677.2170792,1.0,0.0,89.47872209584571,89.62075932181192,0.0,363810046.67558175,405036569.32583183,363810046.67558175,725388378.78769,1.0,88.68676822081119,0.2318687964311038,0.31264438678885503,1285.8455027884424,0.030858629674532123,0.0010727156288892717,0.03968464739436684,0.0015797160525088893,177.28368193864208,6.361500715923787,5545.573714876772
1300,7859.797893489573,0.09840817686514623,0.042722528934098246,7859.656762783773,0.31370077600341734,0.25229717659728945,0.6305429501216598,0.8804935221328019,0.11690373351501838,0.5902244815652853,0.18706063907042317,0.7124256853972942,7.866293344334383,18.80989602118414,2607.8811334275983,147582222.80613944,0.0,3.729367362196071,0.187059572329123,0.18710126374251115,-0.5187189075948698,1.0100309392419646,7859.797893489573,,,,,,,,1e-30,0.0,0.0,177398256.8657179,824609465.0478228,1.0,0.0,89.46295962721886,89.60797324634306,0.0,353866131.65496796,395667430.40691835,353866131.65496796,714075786.2410688,1.0,88.65470524898141,0.23484079743762942,0.3993933772781978,1288.9885106044296,0.031286688405695436,0.0011037518644498648,0.04274274071660792,0.0024041552061635457,177.22188175210522,6.406110294686222,5488.775905501546
1350,7855.48848462509,0.0982430497981314,0.04083459117024227,7855.349406984122,0.31343747350648965,0.25205622523540383,0.6288501269151242,0.8775947093036836,0.11824916998668639,0.5879681445326005,0.1870606187981246,0.7124256853972929,7.8264825783411975,18.826788599677517,2506.0988458196402,150096443.13352495,0.0,3.7293673622029524,0.187059572329123,0.18710125188204513,-0.518718907594876,1.0100309392419646,7855.48848462509,,,,,,,,1e-30,0.0,0.0,170534837.25505415,824672708.0390402,1.0,0.0,89.4594017371885,89.60804993787866,0.0,347351666.8136172,390560797.2086076,347351666.8136172,711579295.6652795,1.0,88.63040904217988,0.2365867146276789,0.31380800917522245,1292.9377429082256,0.031611425485458367,0.0011239307516839713,0.03970624355856103,0.0016750404842816057,177.17474934551916,6.473679237448114,5464.963427650393
1400,7852.032430422181,0.09807417112911612,0.03920435123792875,7851.895151899815,0.3131679599338287,0.25172175171284444,0.6294388526767102,0.8748097366339382,0.11928810387328434,0.5854906724509503,0.1870606036986176,0.712425685397291,7.791482450792112,18.84011616444398,2419.902310543935,152110252.98287785,0.0,3.7293673622081736,0.187059572329123,0.18710137703441873,-0.5187189075948793,1.0100309392419646,7852.032430422181,,,,,,,,1e-30,0.0,0.0,164762244.80437952,827445080.8572365,1.0,0.0,89.45950175897876,89.61140608529031,0.0,342560812.80927646,387255181.1291706,342560812.80927646,711686961.9223061,1.0,88.61092004882815,0.23884767319114106,0.2707551940790838,1297.2496623738589,0.03205510296140095,0.001144710759991821,0.038663522357425255,0.001064780754409159,177.1368137162221,6.549482449217676,5431.284487899186
1450,7846.175816178734,0.09787474889851758,0.0378019221525408,7846.040139507682,0.3128494029058032,0.25153824749760223,0.6258663092229337,0.8716511537198328,0.12026946888359379,0.583981709426926,0.18706057373530277,0.7124256853972875,7.747742559643343,18.85095921068377,2316.3375143121143,153768565.82340556,0.0,3.7293673622116836,0.187059572329123,0.18710066623743027,-0.518718907594885,1.0100309392419646,7846.175816178734,,,,,,,,1e-30,0.0,0.0,157762559.95322353,813592108.9579198,1.0,0.0,89.44025222512633,89.594522493552,0.0,332756603.6843245,377619542.4631406,332756603.6843245,698144723.7933409,1.0,88.57787612890525,0.24020597272520797,0.3151893459385462,1301.4088879343199,0.032297062411902035,0.0011644852205110379,0.03940772736901636,0.0017784000703592064,177.07302368758286,6.598811065533359,5417.887295513306
1500,7842.334425735688,0.09758632589700943,0.03628705607487696,7842.2005523537155,0.3123881014011408,0.2510135503460599,0.6229447966655631,0.868876503077088,0.12099201424896691,0.582142724775354,0.1870605562638961,0.7124256853972856,7.712821316116549,18.862841109871518,2236.8442087244334,155606526.02620572,0.0,3.7293673622160712,0.187059572329123,0.18710050202695935,-0.5187189075948875,1.0100309392419646,7842.334425735688,,,,,,,,1e-30,0.0,0.0,152456711.06793475,810606396.7274427,1.0,0.0,89.43415018287489,89.59084595329765,0.0,327152436.5945606,372898467.52880543,327152436.5945606,693925159.3963258,1.0,88.55619996563604,0.24182347815709068,0.29832399471079435,1306.2997516747723,0.032655656885334707,0.0011813187560795288,0.03919988879616543,0.001620703512046236,177.03093087224806,6.672030130994956,5401.873141640071
1550,7838.006272614493,0.09746444469774403,0.03473663508965348,7837.874071534706,0.31219296067935937,0.25077943273280967,0.618949540492226,0.8655401764486015,0.12212626133676628,0.5797451334655825,0.18706053772064113,0.7124256853972835,7.672656766522785,18.877704266658846,2148.782682361574,157936603.47761595,0.0,3.7293673622219163,0.187059572329123,0.18710043976843074,-0.518718907594891,1.0100309392419646,7838.006272614493,,,,,,,,1e-30,0.0,0.0,146530650.69223046,809657691.6313721,1.0,0.0,89.42966030855801,89.58967490320612,0.0,321193403.7358677,368196086.04479104,321193403.7358677,690854550.5387058,1.0,88.53176871346639,0.24391076762976935,0.265282457814142,1311.5482507131915,0.03305040031330344,0.0012031111412289046,0.03771888789599648,0.0012559477311454967,176.98338465565564,6.744128623266508,5377.1642123810725
1600,7832.233063506225,0.09768773555798543,0.0335255701067546,7832.101850200561,0.31255037283290105,0.25120553537802176,0.6211590562949543,0.861322371655427,0.12339403549395925,0.5765737052595469,0.18706051179261324,0.7124256853972767,7.625711892822774,18.884684368619872,2050.2394964039513,159042873.520495,0.0,3.7293673622233148,0.187059572329123,0.18710001712309754,-0.5187189075948969,1.0100309392419646,7832.233063506225,,,,,,,,1e-30,0.0,0.0,139842243.62552074,801516687.9933047,1.0,0.0,89.41621485206673,89.57956914057084,0.0,312725694.50243723,360478634.1938447,312725694.50243723,681666261.7574828,1.0,88.4991629915253,0.2474405331658867,0.34429237569780596,1316.5990059756743,0.03361807958788085,0.001236753695444036,0.04343226543825922,0.0020453991654464003,176.92010352963888,6.800274874128212,5320.870389060359
1650,7828.886428213289,0.09716465793310677,0.031790547180218814,7828.757473008176,0.31171246034303274,0.25020489420652847,0.6199279943623589,0.8585874532962164,0.12408064257346253,0.5753000939593267,0.18706049868351643,0.7124256853972785,7.591405892210574,18.90451166349311,1981.096765322574,162227732.70664594,0.0,3.7293673622320296,0.187059572329123,0.187100045158467,-0.5187189075948978,1.0100309392419646,7828.886428213289,,,,,,,,1e-30,0.0,0.0,135261181.72152537,802393155.6357799,1.0,0.0,89.41471818624426,89.5806620545313,0.0,308604365.9026165,357550919.312225,308604365.9026165,680677528.4662142,1.0,88.48026600891396,0.24777963777868497,0.2504018868716996,1323.0925024488367,0.03382316444338302,0.0012444582108389539,0.03673607911943748,0.0010934336512785404,176.88318664978,6.8933020223852175,5339.79512727601
1700,7823.52068380266,0.09684653784606258,0.03044983137696758,7823.393387433437,0.31120176388648985,0.2496837372244977,0.6150619100128912,0.8552127489005502,0.12465709735341322,0.574059653728803,0.18706047394264838,0.7124256853972758,7.550629196718248,18.915348784629515,1901.9390487483977,163995375.0751454,0.0,3.729367362235583,0.187059572329123,0.18709934878301404,-0.5187189075948995,1.0100309392419646,7823.52068380266,,,,,,,,1e-30,0.0,0.0,129952312.12776276,788822418.1573032,1.0,0.0,89.395941710195,89.56360457125503,0.0,300530637.94354355,349389560.7491693,300530637.94354355,668036275.2572958,1.0,88.44994848745496,0.2487669973618481,0.29957303625039633,1329.0456213998714,0.03407880586586579,0.0012595677577943193,0.03896972409762826,0.0017873775645039884,176.82442995281855,6.959793069916433,5342.531909354063
1750,7819.478149686027,0.09669569608861146,0.029093466875738133,7819.352360523062,0.3109593158093378,0.24930982139979835,0.6162712519614489,0.8517330927951742,0.12532686509806662,0.5718947092922084,0.18706045767131702,0.7124256853972728,7.513877996822195,18.925726282905625,1833.3093429848277,165706097.95651704,0.0,3.729367362239153,0.187059572329123,0.18709915760286938,-0.5187189075949022,1.0100309392419646,7819.478149686027,,,,,,,,1e-30,0.0,0.0,125365099.48207794,785299810.064291,1.0,0.0,89.38904319677012,89.55912891630256,0.0,295305825.74574196,344951967.613142,295305825.74574196,663472351.6482918,1.0,88.42710195705308,0.25078106304852027,0.30351546107174454,1335.5596541878901,0.03449462417829983,0.0012792473775616548,0.0403323410815199,0.00180275604017373,176.77988914736548,7.038365997613154,5325.600098957594
1800,7815.680813712228,0.09604670149209622,0.027572139721447623,7815.557194871015,0.3099140227419473,0.24809109348600544,0.6169669167629349,0.8491305763760506,0.12544566011244915,0.571389902771582,0.18706044127396662,0.7124256853972734,7.481600832666492,18.938860568320784,1775.0801089013055,167896884.85813805,0.0,3.729367362244371,0.187059572329123,0.18709873268352836,-0.5187189075949018,1.0100309392419646,7815.680813712228,,,,,,,,1e-30,0.0,0.0,121533295.22924714,777150721.5762125,1.0,0.0,89.37747384909423,89.54869765820439,0.0,290047621.39864993,339822776.27401686,290047621.39864993,655854476.4220014,1.0,88.40564006256058,0.2506707365066463,0.2880839514341161,1342.7328866422588,0.03462115859460803,0.0012836391736124042,0.038304651156215036,0.0017384966441978515,176.73816424489286,7.124846732876195,5356.560184705316
1850,7811.6728337070845,0.0957266160420105,0.026072551408328204,7811.551034539634,0.30939718169694197,0.24740841293061344,0.6139983742683706,0.8456642104477776,0.1260211443109197,0.569762603671367,0.18706042567374428,0.7124256853972725,7.444898939860972,18.953742968125283,1711.112358161594,170414279.3967594,0.0,3.7293673622504087,0.187059572329123,0.1870985212568767,-0.5187189075949031,1.0100309392419646,7811.6728337070845,,,,,,,,1e-30,0.0,0.0,117273194.22747809,773250409.4199235,1.0,0.0,89.37019934387382,89.54366628883005,0.0,285057269.91120374,335532030.8034417,285057269.91120374,651127465.7352492,1.0,88.38297932599711,0.2518520956757276,0.2532858990408844,1350.317826589821,0.03490823581085067,0.0012981671372207162,0.03605300384294224,0.00143387169774366,176.69393721336047,7.211351413297422,5361.550885518237
1900,7808.364129801014,0.09534000481115251,0.024578234204110306,7808.244211561999,0.30877176815757057,0.24654449473347875,0.6168118546545869,0.8423965987735087,0.12637419717554335,0.5683029875200853,0.18706041333891196,0.7124256853972725,7.412421244408909,18.96919840956637,1656.4321224418602,173068566.06304455,0.0,3.729367362256915,0.187059572329123,0.18709839515854024,-0.5187189075949035,1.0100309392419646,7808.364129801014,,,,,,,,1e-30,0.0,0.0,113668261.5736603,771056796.2673298,1.0,0.0,89.36547987110205,89.54082538435216,0.0,281167809.72383684,332366352.90998316,281167809.72383684,648084419.128901,1.0,88.36426999394041,0.2529186608652736,0.21198621887487545,1358.603116763221,0.035165492352707675,0.0013112911468486422,0.03214986947109633,0.0009650785282205507,176.6573520247783,7.307083598101957,6408.921881686726
1950,7804.064730846072,0.09498405772765367,0.023117759986565827,7803.946629028358,0.3081948372826087,0.24576720424925738,0.6169236757695674,0.8388632974657326,0.126579281776999,0.567090918854377,0.1870603955331105,0.7124256853972709,7.377371679885398,18.980598508148745,1599.3805545931898,175052853.8255661,0.0,3.7293673622610335,0.187059572329123,0.1870978798511066,-0.5187189075949031,1.0100309392419646,7804.064730846072,,,,,,,,1e-30,0.0,0.0,109889214.6357785,761107509.0443939,1.0,0.0,89.35122246634951,89.52783796905209,0.0,275420562.6586146,326577214.06019986,275420562.6586146,638925287.8056391,1.0,88.33994922473273,0.253957924889121,0.21815831498520258,1366.863751662821,0.03540479666481541,0.0013254686493754813,0.03286209583868025,0.0011560768316082745,176.61002382089646,7.391722463460215,6265.467129939712
2000,7800.789864667767,0.09487765791714053,0.021785661949580135,7800.6732013479,0.30802217114542346,0.24533394986181561,0.6191317545349725,0.834913412352902,0.12677388745996246,0.564814817840543,0.18706038362689925,0.7124256853972679,7.345327829487002,18.989764280021625,1548.9426711305405,176664724.08235523,0.0,3.729367362263856,0.187059572329123,0.18709771652988427,-0.5187189075949037,1.0100309392419646,7800.789864667767,,,,,,,,1e-30,0.0,0.0,106569332.8944696,758162803.5021627,1.0,0.0,89.34570670881496,89.52396149071188,0.0,271662521.05125624,323411688.30329484,271662521.05125624,635430697.5708363,1.0,88.32141983317467,0.2566130536234398,0.2323466152440342,1376.1011935977776,0.03583809889173018,0.0013507749600279362,0.03514379204477119,0.0012075168549333982,176.57376964526821,7.48969653883794,5922.6220797426095
